insp_id,tag_dwg,insp_date,insp_type,finding_text,fouling_pct,wall_min_mm,vib_mm_s,severity,recommendation,next_insp_due
INS-2019-0001,101-P-001B,2019-01-21,VIBRATION,Crude charge pump B (P-101B) was inspected for vibration on 2019-01-21. The vibration reading recorded was 2.66 mm/s. No abnormalities or deviations from normal operating conditions were observed during the inspection.,,,0.54,LOW,No action,2019-04-22
INS-2019-0002,101-P-002A,2019-01-21,VIBRATION,Desalter water pump A (P-102A) was inspected for vibration on 2019-01-21. Vibration reading recorded at 2.6 mm/s. No visible signs of seal leakage observed during inspection. Equipment operating under normal conditions at time of assessment.,,,2.38,LOW,No action,2019-04-22
INS-2019-0003,101-P-004B,2019-01-21,VIBRATION,The atmospheric residue bottoms pump B (P-104B) was inspected for vibration on 2019-01-21. The vibration reading recorded was 2.26 mm/s. No abnormalities or deviations from normal operating conditions were observed during the inspection.,,,0.54,LOW,No action,2019-04-22
INS-2019-0004,101-P-005A,2019-01-21,VIBRATION,Naphtha product pump A (P-105A) was inspected for vibration on 2019-01-21. The vibration reading recorded was 3.01 mm/s. No visible abnormalities or leaks were observed at the seal area during the inspection. Equipment was operating under naphtha rundown service conditions at the time of measurement.,,,2.48,LOW,No action,2019-04-22
INS-2019-0005,101-P-002B,2019-01-22,VIBRATION,Desalter water pump B (P-102B) was inspected for vibration on 2019-01-22. The measured vibration level was 1.88 mm/s. No abnormalities were observed during the inspection. Equipment is operating within expected parameters.,,,0.52,LOW,No action,2019-04-23
INS-2019-0006,101-P-003A,2019-01-22,VIBRATION,Overhead reflux pump A (P-103A) was inspected for vibration on 2019-01-22. The vibration reading recorded was 2.67 mm/s. The pump is in service for column overhead reflux as per drawing 101-P-003A. No additional work orders were noted at the time of inspection.,,,2.54,LOW,No action,2019-04-23
INS-2019-0007,101-P-005B,2019-01-22,VIBRATION,Naphtha product pump B (P-105B) was inspected for vibration on 2019-01-22. The vibration reading recorded was 1.88 mm/s. No abnormalities or deviations from normal operating conditions were observed during the inspection.,,,0.5,LOW,No action,2019-04-23
INS-2019-0008,101-P-006A,2019-01-22,VIBRATION,Diesel product pump A (P-106A) was inspected for vibration on 2019-01-22. The vibration reading recorded was 3.39 mm/s. No abnormalities were observed during the inspection.,,,2.54,LOW,No action,2019-04-23
INS-2019-0009,101-P-003B,2019-01-23,VIBRATION,Overhead reflux pump B (P-103B) was inspected for vibration on 2019-01-23. The vibration reading recorded was 2.03 mm/s. No abnormalities were observed during the inspection. Equipment is operating within expected vibration levels.,,,0.56,LOW,No action,2019-04-24
INS-2019-0010,101-P-004A,2019-01-23,VIBRATION,The atmospheric residue bottoms pump A (P-104A) was inspected for vibration on 2019-01-23. Vibration readings recorded were 2.63 mm/s. No abnormalities or deviations from normal operating conditions were observed during the inspection. Equipment is operating within expected parameters.,,,2.33,LOW,No action,2019-04-24
INS-2019-0011,101-P-006B,2019-01-23,VIBRATION,The diesel product pump B (P-106B) in diesel rundown service was inspected for vibration on 2019-01-23. The vibration reading recorded was 1.67 mm/s. No abnormalities were observed during the inspection.,,,0.56,LOW,No action,2019-04-24
INS-2019-0012,101-P-001A,2019-02-03,VIBRATION,Crude charge pump A (P-101A) vibration inspection conducted on 2019-02-03 showed a vibration level of 3.37 mm/s. The equipment is in service for crude charge to heater as per drawing 101-P-001A. Previous work order indicates a vibration check and lubrication seal inspection was performed.,,,3.27,LOW,No action,2019-05-05
INS-2019-0013,101-P-001B,2019-04-22,VIBRATION,Crude charge pump B (P-101B) vibration inspection conducted on 2019-04-22 showed a vibration level of 1.64 mm/s. The pump was operating in crude charge to heater service. No abnormal vibration patterns were observed during the check of the lube seal.,,,0.54,LOW,No action,2019-07-22
INS-2019-0014,101-P-002A,2019-04-22,VIBRATION,Desalter water pump A (P-102A) was inspected for vibration on 2019-04-22. Vibration reading recorded at 2.27 mm/s. Equipment is in service for desalter wash water. Work order referenced: VIB CHECK LUBE SEAL INSP.,,,0.54,LOW,No action,2019-07-22
INS-2019-0015,101-P-004B,2019-04-22,VIBRATION,Atmospheric residue bottoms pump B (P-104B) operating in column bottoms service was inspected for vibration on 2019-04-22. Vibration measurement recorded at 2.19 mm/s. No abnormal vibration levels observed during the inspection. Equipment condition appears stable based on current vibration data.,,,2.52,LOW,No action,2019-07-22
INS-2019-0016,101-P-005A,2019-04-22,VIBRATION,Naphtha product pump A (P-105A) was inspected for vibration on 2019-04-22. The vibration reading recorded was 3.03 mm/s. The inspection was conducted in relation to the lubrication seal condition.,,,0.57,LOW,No action,2019-07-22
INS-2019-0017,101-P-002B,2019-04-23,VIBRATION,Desalter water pump B (P-102B) was inspected for vibration on 2019-04-23. The vibration reading recorded was 1.92 mm/s. The pump is in service for desalter wash water. The most recent work order involved vibration check and lubrication seal inspection.,,,2.51,LOW,No action,2019-07-23
INS-2019-0018,101-P-003A,2019-04-23,VIBRATION,Overhead reflux pump A (P-103A) was inspected for vibration on 2019-04-23. Vibration velocity measured 2.6 mm/s. The pump is in column overhead reflux service. The most recent work order referenced vibration check and lubrication seal inspection.,,,,LOW,No action,2019-07-23
INS-2019-0019,101-P-005B,2019-04-23,VIBRATION,Naphtha product pump B (P-105B) was inspected for vibration on 2019-04-23. Vibration reading recorded at 1.87 mm/s. Equipment operating in naphtha rundown service. No abnormal vibration levels detected during this inspection.,,,2.37,LOW,No action,2019-07-23
INS-2019-0020,101-P-006A,2019-04-23,VIBRATION,Diesel product pump A (P-106A) was inspected for vibration on 2019-04-23 during diesel rundown service. Vibration readings recorded at the pump were 3.18 mm/s. The pump and associated components appeared intact with no visible abnormalities. Previous work order indicated a vibration check and lubrication seal inspection.,,,0.54,LOW,No action,2019-07-23
INS-2019-0021,101-P-003B,2019-04-24,VIBRATION,Overhead reflux pump B (P-103B) was inspected for vibration on 2019-04-24. Vibration reading recorded at 2.94 mm/s. Equipment operating within expected parameters during column overhead reflux service. Lube seal condition verified as part of routine vibration check.,,,0.57,LOW,No action,2019-07-24
INS-2019-0022,101-P-004A,2019-04-24,VIBRATION,Atmospheric residue bottoms pump A (P-104A) was inspected on 2019-04-24 for vibration levels. The vibration reading recorded was 2.35 mm/s. The inspection included a vibration check and lubrication seal inspection as per work order. No abnormalities were observed during the assessment.,,,0.56,LOW,No action,2019-07-24
INS-2019-0023,101-P-006B,2019-04-24,VIBRATION,Diesel product pump B (P-106B) was inspected for vibration on 2019-04-24 during diesel rundown service. The vibration reading recorded was 1.96 mm/s. No abnormal vibration levels were observed at the time of inspection. The pump was operating within expected parameters.,,,2.41,LOW,No action,2019-07-24
INS-2019-0024,101-P-001A,2019-05-05,VIBRATION,Crude charge pump A (P-101A) was inspected for vibration on 2019-05-05. Vibration velocity measured 5.06 mm/s. The pump is in crude charge service to the heater. Previous maintenance included a vibration check and lube seal inspection.,,,5.01,MEDIUM,Increase monitoring frequency,2019-08-04
INS-2019-0025,101-C-001,2019-05-09,UT_THICKNESS,The atmospheric distillation column C-101 was inspected using ultrasonic thickness measurement on 2019-05-09. The minimum wall thickness recorded was 13.83 mm. No anomalies or deviations from expected thickness values were observed during the inspection. The equipment is currently in crude fractionation service as per drawing 101-C-001.,,13.83,,LOW,No action,2020-05-08
INS-2019-0026,101-D-001,2019-05-10,UT_THICKNESS,The overhead reflux drum (D-101) was inspected using ultrasonic thickness measurement on 2019-05-10. The minimum wall thickness recorded was 11.89 mm. The equipment is serving as an overhead accumulator. The inspection was conducted in conjunction with an external inspection of the lube condition.,,11.89,,LOW,No action,2020-05-09
INS-2019-0027,101-E-001,2019-05-11,UT_THICKNESS,The crude/atmospheric residue preheat exchanger #1 (E-101) was inspected using UT thickness measurement on 2019-05-11. The minimum wall thickness recorded was 6.28 mm. No other anomalies were observed during the inspection.,,6.28,,LOW,No action,2020-05-10
INS-2019-0028,101-E-010,2019-05-11,UT_THICKNESS,The kerosene stripper reboiler (E-110) was inspected using ultrasonic thickness measurement on 2019-05-11. The minimum wall thickness recorded was 5.92 mm. No other anomalies or deviations from expected measurements were observed during the inspection.,,5.92,,MEDIUM,"Monitor, re-UT in 12 months",2020-05-10
INS-2019-0029,101-V-001,2019-05-11,UT_THICKNESS,Ultrasonic thickness inspection performed on Electrostatic Desalter V-101 on 2019-05-11 indicated a minimum wall thickness of 11.42 mm. The inspection was conducted in accordance with drawing 101-V-001. No visible external corrosion or pitting was observed at the measurement locations. The equipment is in crude desalting service.,,11.42,,MEDIUM,"Monitor, re-UT in 12 months",2020-05-10
INS-2019-0030,103-D-012,2019-05-11,UT_THICKNESS,The kerosene stripper (D-102) was inspected using ultrasonic thickness measurements on 2019-05-11. The minimum wall thickness recorded was 11.86 mm. No anomalies or deviations from expected thickness values were observed during the inspection.,,11.86,,LOW,No action,2020-05-10
INS-2019-0031,101-D-003,2019-05-12,UT_THICKNESS,The diesel stripper D-103 was inspected using ultrasonic thickness measurement on 2019-05-12. The minimum wall thickness recorded was 11.94 mm. No visible external damage or corrosion was observed at the inspection locations. The equipment is in service for diesel stripping as per drawing 101-D-003.,,11.94,,LOW,No action,2020-05-11
INS-2019-0032,101-E-002,2019-05-12,UT_THICKNESS,Ultrasonic thickness inspection performed on crude/atmospheric residue preheat exchanger #2 (E-102) on 2019-05-12 indicated a minimum wall thickness of 6.11 mm. The equipment is in crude preheat service as per drawing 101-E-002. No additional anomalies or deviations were recorded during this inspection.,,6.11,,LOW,No action,2020-05-11
INS-2019-0033,101-E-011,2019-05-12,UT_THICKNESS,"The Diesel Product / BFW exchanger (E-111, drawing 101-E-011) was inspected on 2019-05-12 using ultrasonic thickness measurement. The minimum wall thickness recorded was 6.18 mm. The equipment is used for diesel product cooling. The inspection was performed following the EXT INSP LUBE CONDITION work order.",,6.18,,LOW,No action,2020-05-11
INS-2019-0034,101-D-004,2019-05-13,UT_THICKNESS,"The residue flash drum (D-104, drawing 101-D-004) was inspected using ultrasonic thickness testing on 2019-05-13. The minimum wall thickness recorded was 11.82 mm. The equipment was in residue flash service at the time of inspection. The most recent work order referenced external inspection and lube condition.",,11.82,,LOW,No action,2020-05-12
INS-2019-0035,101-E-003,2019-05-13,UT_THICKNESS,The crude/kerosene pumparound preheat exchanger #3 (E-103) was inspected using ultrasonic thickness measurement on 2019-05-13. The minimum wall thickness recorded was 6.08 mm. No visible external damage or corrosion was observed during the inspection. The equipment is in crude preheat and kerosene pumparound service as per drawing 101-E-003.,,6.08,,LOW,No action,2020-05-12
INS-2019-0036,101-E-012,2019-05-13,UT_THICKNESS,"The residue rundown cooler (E-112, drawing 101-E-012) was inspected using ultrasonic thickness measurement on 2019-05-13. The minimum wall thickness recorded was 6.27 mm. The equipment is in atmospheric residue rundown service. The most recent work order referenced external inspection of lube condition.",,6.27,,LOW,No action,2020-05-12
INS-2019-0037,101-E-004,2019-05-14,UT_THICKNESS,Ultrasonic thickness measurement performed on crude/diesel pumparound preheat exchanger #4 (E-104) on 2019-05-14 indicates a minimum wall thickness of 6.08 mm. The equipment is in crude preheat/diesel pumparound service. No visible external damage or corrosion was observed during the inspection.,,6.08,,LOW,No action,2020-05-13
INS-2019-0038,101-H-001,2019-05-14,UT_THICKNESS,The crude fired heater H-101 was inspected using ultrasonic thickness measurement on 2019-05-14. The minimum wall thickness recorded was 6.32 mm. No visible signs of external damage or corrosion were observed during the inspection. The equipment appeared to be in stable condition consistent with normal operating parameters.,,6.32,,LOW,No action,2020-05-13
INS-2019-0039,101-E-015,2019-05-15,UT_THICKNESS,Ultrasonic thickness inspection performed on crude/AGO product preheat exchanger #5 (E-105) on 2019-05-15 showed a minimum wall thickness of 6.2 mm. The exchanger is in crude preheat/AGO service as per drawing 101-E-015. No anomalies or deviations from expected thickness values were noted during this inspection.,,6.2,,LOW,No action,2020-05-14
INS-2019-0040,101-E-006,2019-05-16,UT_THICKNESS,The crude/atmospheric residue preheat exchanger #6 (E-106) was inspected on 2019-05-16 using ultrasonic thickness measurement. The minimum wall thickness recorded was 6.27 mm. The exchanger is operating in the crude preheat cold end service. The most recent related work order referenced external inspection of lube condition.,,6.27,,LOW,No action,2020-05-15
INS-2019-0041,101-E-007,2019-05-17,UT_THICKNESS,Ultrasonic thickness measurement performed on the overhead naphtha condenser (E-107) revealed a minimum wall thickness of 6.27 mm. The inspection was conducted on 2019-05-17 in the column overhead condensing service. No visible external damage or corrosion was noted at the time of inspection.,,6.27,,LOW,No action,2020-05-16
INS-2019-0042,101-E-008A,2019-05-18,UT_THICKNESS,The overhead trim condenser (two-bundle) E-108 was inspected using ultrasonic thickness testing on 2019-05-18. The minimum wall thickness recorded was 6.23 mm. The equipment is used in the column overhead trim service. The inspection corresponds with the most recent work order for external inspection of lube condition.,,6.23,,LOW,No action,2020-05-17
INS-2019-0043,101-E-009,2019-05-19,UT_THICKNESS,Ultrasonic thickness inspection of Naphtha/Crude Interchanger (E-109) conducted on 2019-05-19 revealed a minimum wall thickness of 6.23 mm. The equipment is operating in naphtha product and crude service. No visible external damage or corrosion was observed during the inspection.,,6.23,,LOW,No action,2020-05-18
INS-2019-0044,101-P-001B,2019-07-22,VIBRATION,Crude charge pump B (P-101B) was inspected for vibration on 2019-07-22. Vibration reading recorded at 3.33 mm/s. Equipment observed in normal operating condition with no abnormal noise or movement detected. Lube seal area inspected as per work order VIB CHECK LUBE SEAL INSP.,,,0.54,LOW,No action,2019-10-21
INS-2019-0045,101-P-002A,2019-07-22,VIBRATION,Desalter wash water pump P-102A was inspected for vibration on 2019-07-22. Vibration reading recorded was 3.09 mm/s. The pump was under the scope of a vibration check and lubrication seal inspection as per the latest work order. No visible abnormalities were noted during the inspection.,,,2.44,LOW,No action,2019-10-21
INS-2019-0046,101-P-004B,2019-07-22,VIBRATION,Atmospheric residue bottoms pump B (P-104B) was inspected on 2019-07-22 for vibration levels. The vibration reading recorded was 2.28 mm/s. The pump is operating in column bottoms service. The most recent related work order involved a vibration check and lubrication seal inspection.,,,0.52,LOW,No action,2019-10-21
INS-2019-0047,101-P-005A,2019-07-22,VIBRATION,Naphtha product pump A (P-105A) was inspected for vibration on 2019-07-22. Vibration reading recorded at 3.3 mm/s. The inspection was conducted in relation to the lubrication seal condition. No visible abnormalities noted on external components.,,,2.3,LOW,No action,2019-10-21
INS-2019-0048,101-P-002B,2019-07-23,VIBRATION,Desalter water pump B (P-102B) vibration measurement recorded at 2.68 mm/s during inspection on 2019-07-23. Equipment is operating within expected vibration parameters. No abnormal vibration levels detected at the time of inspection.,,,0.54,LOW,No action,2019-10-22
INS-2019-0049,101-P-003A,2019-07-23,VIBRATION,Overhead reflux pump A (P-103A) was inspected for vibration on 2019-07-23. Vibration reading recorded at 4.09 mm/s. The pump is in service for column overhead reflux. Previous work order involved vibration check and lubrication seal inspection.,,,,MEDIUM,Increase monitoring frequency,2019-10-22
INS-2019-0050,101-P-005B,2019-07-23,VIBRATION,Naphtha product pump B (P-105B) was inspected on 2019-07-23 for vibration levels during naphtha rundown service. The vibration reading recorded was 3.29 mm/s. The inspection was conducted following the work order for vibration check and lubrication seal inspection. No abnormalities were observed in the equipment condition at the time of inspection.,,,0.54,LOW,No action,2019-10-22
INS-2019-0051,101-P-006A,2019-07-23,VIBRATION,Diesel product pump A (P-106A) was inspected for vibration on 2019-07-23. The vibration reading recorded was 2.11 mm/s. The inspection was conducted as part of the routine vibration check and lube seal inspection. No abnormalities were noted in the equipment condition during the assessment.,,,2.44,LOW,No action,2019-10-22
INS-2019-0052,101-P-003B,2019-07-24,VIBRATION,Overhead reflux pump B (P-103B) was inspected for vibration on 2019-07-24. Vibration measurement recorded at 3.07 mm/s. The pump is in column overhead reflux service as per drawing 101-P-003B. Previous work order noted lubrication seal inspection and vibration check.,,,0.5,LOW,No action,2019-10-23
INS-2019-0053,101-P-004A,2019-07-24,VIBRATION,Atmospheric residue bottoms pump A (P-104A) vibration measured at 1.69 mm/s during inspection on 2019-07-24. Vibration levels are within acceptable range. Equipment operating in column bottoms service as per drawing 101-P-004A. Recent maintenance included lubrication seal inspection.,,,2.44,LOW,No action,2019-10-23
INS-2019-0054,101-P-006B,2019-07-24,VIBRATION,Diesel product pump B (P-106B) operating in diesel rundown service was inspected for vibration on 2019-07-24. Vibration measurement recorded at 1.82 mm/s. Visual inspection showed no abnormalities on the pump housing or mounting. Seal lubrication was checked as per recent work order.,,,2.34,LOW,No action,2019-10-23
INS-2019-0055,101-P-001A,2019-08-04,VIBRATION,Crude charge pump A (P-101A) was inspected for vibration on 2019-08-04. The vibration reading recorded was 6.8 mm/s. The equipment is in service for crude charge to heater as per drawing 101-P-001A. The most recent work order referenced a vibration check and lubrication seal inspection.,,,6.84,HIGH,Replace bearings,2019-11-03
INS-2019-0056,101-P-001B,2019-10-21,VIBRATION,Crude charge pump B (P-101B) was inspected for vibration on 2019-10-21. Vibration reading recorded at 2.47 mm/s. Equipment is operating within expected parameters. Work order indicates recent lubrication seal inspection.,,,0.54,LOW,No action,2020-01-20
INS-2019-0057,101-P-002A,2019-10-21,VIBRATION,Desalter water pump A (P-102A) was inspected for vibration on 2019-10-21. Vibration reading recorded at 3.05 mm/s. Equipment corresponds to drawing 101-P-002A. Service confirmed as desalter wash water. Work order notes indicate vibration check and lubrication seal inspection performed.,,,2.42,LOW,No action,2020-01-20
INS-2019-0058,101-P-004B,2019-10-21,VIBRATION,Atmospheric residue bottoms pump B (P-104B) was inspected for vibration on 2019-10-21. The vibration reading recorded was 2.83 mm/s. The equipment is in column bottoms service. The most recent work order noted a vibration check and lubrication seal inspection.,,,0.58,LOW,No action,2020-01-20
INS-2019-0059,101-P-005A,2019-10-21,VIBRATION,Naphtha product pump A (P-105A) in naphtha rundown service was inspected for vibration on 2019-10-21. Vibration reading recorded at 2.06 mm/s. Work order referenced for vibration check and lubrication seal inspection.,,,2.4,LOW,No action,2020-01-20
INS-2019-0060,101-P-002B,2019-10-22,VIBRATION,Desalter water pump B (P-102B) vibration measurement recorded at 3.17 mm/s on 2019-10-22. Inspection focused on vibration levels related to lubrication seal condition. No abnormal vibration detected during this assessment.,,,0.58,LOW,No action,2020-01-21
INS-2019-0061,101-P-003A,2019-10-22,VIBRATION,Overhead reflux pump A (P-103A) was inspected for vibration on 2019-10-22. The vibration reading recorded was 6.0 mm/s. The inspection was conducted in conjunction with a lubrication seal check.,,,6.01,HIGH,Replace bearings,2020-01-21
INS-2019-0062,101-P-005B,2019-10-22,VIBRATION,Naphtha product pump B (P-105B) operating in naphtha rundown service was inspected for vibration on 2019-10-22. Vibration amplitude measured at 2.39 mm/s. Visual inspection showed no abnormalities in the pump housing or seals. Lubrication seal condition appeared intact during the check.,,,0.58,LOW,No action,2020-01-21
INS-2019-0063,101-P-006A,2019-10-22,VIBRATION,Diesel product pump A (P-106A) operating in diesel rundown service was inspected for vibration on 2019-10-22. Vibration measurement recorded at 3.11 mm/s. Visual inspection of the lubrication seal area was conducted as per the recent work order. No abnormalities noted during the inspection.,,,2.45,LOW,No action,2020-01-21
INS-2019-0064,101-P-003B,2019-10-23,VIBRATION,Overhead reflux pump B (P-103B) was inspected for vibration on 2019-10-23. Vibration reading recorded at 1.79 mm/s. Visual inspection showed no abnormal wear or damage to the pump components. Lubrication seal condition appeared intact during the check.,,,0.55,LOW,No action,2020-01-22
INS-2019-0065,101-P-004A,2019-10-23,VIBRATION,Atmospheric residue bottoms pump A (P-104A) was inspected for vibration on 2019-10-23. The vibration reading recorded was 2.27 mm/s. The pump is in column bottoms service as per drawing 101-P-004A. The most recent work order involved a vibration check and lubrication seal inspection.,,,2.24,LOW,No action,2020-01-22
INS-2019-0066,101-P-006B,2019-10-23,VIBRATION,"Diesel product pump B (P-106B) was inspected on 2019-10-23 for vibration levels during diesel rundown service. Vibration measurement recorded at 2.51 mm/s. The inspection was conducted following the work order titled ""VIB CHECK LUBE SEAL INSP."" No abnormalities were noted visually on the pump casing or mounting.",,,0.54,LOW,No action,2020-01-22
INS-2019-0067,101-P-001A,2019-11-03,VIBRATION,Crude charge pump A (P-101A) was inspected for vibration on 2019-11-03. Vibration reading recorded at 2.88 mm/s. Equipment observed in operational condition with no visible abnormalities at the time of inspection.,,,2.45,LOW,No action,2020-02-02
INS-2020-0068,101-P-001B,2020-01-20,VIBRATION,Crude charge pump B (P-101B) was inspected for vibration on 2020-01-20. Vibration reading recorded at 3.01 mm/s. Equipment is operating within expected parameters. No abnormal vibration detected during inspection.,,,2.43,LOW,No action,2020-04-20
INS-2020-0069,101-P-002A,2020-01-20,VIBRATION,Desalter water pump A (P-102A) was inspected for vibration on 2020-01-20. The measured vibration level was 2.17 mm/s. The pump is in service for desalter wash water. Recent maintenance included replacement of the mechanical seal.,,,0.56,LOW,No action,2020-04-20
INS-2020-0070,101-P-004B,2020-01-20,VIBRATION,The atmospheric residue bottoms pump B (P-104B) was inspected for vibration on 2020-01-20. The vibration reading recorded was 2.13 mm/s. The pump is in column bottoms service as per drawing 101-P-004B. The most recent work order involved a vibration check and lubrication seal inspection.,,,2.35,LOW,No action,2020-04-20
INS-2020-0071,101-P-005A,2020-01-20,VIBRATION,Naphtha product pump A (P-105A) was inspected for vibration on 2020-01-20. Vibration readings recorded at the seal area showed 2.66 mm/s. The pump is in naphtha rundown service as per drawing 101-P-005A. Previous work order indicates a vibration check and lubrication seal inspection was performed.,,,0.59,LOW,No action,2020-04-20
INS-2020-0072,101-P-002B,2020-01-21,VIBRATION,Desalter water pump B (P-102B) was inspected for vibration on 2020-01-21. Vibration reading recorded at 1.95 mm/s. No abnormal vibration levels observed during the inspection. Equipment operating within normal parameters.,,,2.44,LOW,No action,2020-04-21
INS-2020-0073,101-P-003A,2020-01-21,VIBRATION,Overhead reflux pump A (P-103A) was inspected on 2020-01-21 for vibration levels. The measured vibration velocity was 2.14 mm/s. The pump is in service for column overhead reflux. The most recent maintenance involved replacement of the bearing and coupling.,,,2.05,LOW,No action,2020-04-21
INS-2020-0074,101-P-005B,2020-01-21,VIBRATION,Naphtha product pump B (P-105B) vibration inspection conducted on 2020-01-21 showed a vibration level of 2.29 mm/s. The equipment is in naphtha rundown service as per drawing 101-P-005B. The most recent work order involved a vibration check and lubrication seal inspection.,,,2.52,LOW,No action,2020-04-21
INS-2020-0075,101-P-006A,2020-01-21,VIBRATION,Diesel product pump A (P-106A) was inspected for vibration on 2020-01-21. Vibration velocity measured 1.79 mm/s. No abnormal vibration levels detected during the diesel rundown service.,,,0.53,LOW,No action,2020-04-21
INS-2020-0076,101-P-003B,2020-01-22,VIBRATION,Overhead reflux pump B (P-103B) was inspected for vibration on 2020-01-22. Vibration level recorded at 1.72 mm/s. Equipment was operating under normal conditions during inspection. No abnormal noise or movement observed.,,,0.56,LOW,No action,2020-04-22
INS-2020-0077,101-P-004A,2020-01-22,VIBRATION,Atmospheric residue bottoms pump A (P-104A) vibration measured at 2.54 mm/s during inspection on 2020-01-22. The pump is operating in column bottoms service. Vibration levels are within expected range for this equipment. Previous work order involved vibration check and lube seal inspection.,,,0.55,LOW,No action,2020-04-22
INS-2020-0078,101-P-006B,2020-01-22,VIBRATION,The diesel product pump B (P-106B) was inspected for vibration on 2020-01-22. Vibration readings indicated a level of 2.94 mm/s. The pump was operating in diesel rundown service at the time of inspection. No abnormal vibration trends were observed during the assessment.,,,2.53,LOW,No action,2020-04-22
INS-2020-0079,101-P-001A,2020-02-02,VIBRATION,Crude charge pump A (P-101A) was inspected for vibration on 2020-02-02. The vibration reading recorded was 2.65 mm/s. The pump is in service for crude charge to heater. Previous maintenance included a vibration check and lube seal inspection.,,,0.62,LOW,No action,2020-05-03
INS-2020-0080,101-P-001B,2020-04-20,VIBRATION,Crude charge pump B (P-101B) was inspected for vibration on 2020-04-20. Vibration level measured at 1.75 mm/s. Equipment is in crude charge to heater service. Previous work order involved vibration check and lubrication seal inspection.,,,0.56,LOW,No action,2020-07-20
INS-2020-0081,101-P-002A,2020-04-20,VIBRATION,Desalter water pump A (P-102A) was inspected for vibration on 2020-04-20. The vibration reading recorded was 3.32 mm/s. The inspection was conducted as part of a vibration check on the lube seal. No visible abnormalities were noted during the inspection.,,,2.37,LOW,No action,2020-07-20
INS-2020-0082,101-P-004B,2020-04-20,VIBRATION,Atmospheric residue bottoms pump B (P-104B) was inspected for vibration on 2020-04-20. The vibration reading recorded was 3.31 mm/s. No abnormalities were observed during the inspection. Equipment is operating within expected vibration parameters.,,,0.52,LOW,No action,2020-07-20
INS-2020-0083,101-P-005A,2020-04-20,VIBRATION,Naphtha product pump A (P-105A) was inspected for vibration on 2020-04-20. The vibration reading recorded was 1.77 mm/s. The pump is in naphtha rundown service. The most recent maintenance involved replacement of the mechanical seal.,,,2.4,LOW,No action,2020-07-20
INS-2020-0084,101-P-002B,2020-04-21,VIBRATION,Desalter water pump B (P-102B) vibration measurement recorded at 2.16 mm/s during the inspection on 2020-04-21. The equipment is operating within expected vibration levels. No abnormal vibration patterns observed at the time of inspection.,,,0.53,LOW,No action,2020-07-21
INS-2020-0085,101-P-003A,2020-04-21,VIBRATION,Overhead reflux pump A (P-103A) vibration measurement recorded at 2.44 mm/s during inspection on 2020-04-21. Equipment operating in column overhead reflux service. Vibration levels noted as per standard monitoring procedure. Work order indicates recent lubrication seal inspection.,,,2.53,LOW,No action,2020-07-21
INS-2020-0086,101-P-005B,2020-04-21,VIBRATION,Naphtha product pump B (P-105B) was inspected for vibration on 2020-04-21. The vibration reading recorded was 2.91 mm/s. No abnormalities or deviations from normal operating conditions were observed during the inspection. The pump was operating under naphtha rundown service at the time of measurement.,,,0.56,LOW,No action,2020-07-21
INS-2020-0087,101-P-006A,2020-04-21,VIBRATION,Diesel product pump A (P-106A) was inspected for vibration on 2020-04-21. Vibration reading recorded at 3.4 mm/s. Equipment observed in normal operating condition with no abnormal noise or movement detected during inspection.,,,2.53,LOW,No action,2020-07-21
INS-2020-0088,101-P-003B,2020-04-22,VIBRATION,"Overhead reflux pump B (P-103B) was inspected for vibration on 2020-04-22. The vibration reading recorded was 2.67 mm/s. The pump is in service for column overhead reflux. Recent maintenance included vibration check, lubrication, seal inspection.",,,0.55,LOW,No action,2020-07-22
INS-2020-0089,101-P-004A,2020-04-22,VIBRATION,Atmospheric residue bottoms pump A (P-104A) was inspected for vibration on 2020-04-22. Vibration reading recorded at 1.78 mm/s. Equipment operates in column bottoms service. No abnormalities observed during inspection.,,,2.29,LOW,No action,2020-07-22
INS-2020-0090,101-P-006B,2020-04-22,VIBRATION,The diesel product pump B (P-106B) was inspected for vibration on 2020-04-22. Vibration amplitude measured 2.73 mm/s. The equipment is in diesel rundown service as per drawing 101-P-006B. The most recent work order referenced a vibration check and lubrication seal inspection.,,,0.6,LOW,No action,2020-07-22
INS-2020-0091,101-P-001A,2020-05-03,VIBRATION,Crude charge pump A (P-101A) was inspected for vibration on 2020-05-03. The vibration reading recorded was 2.43 mm/s. The pump is in service for crude charge to the heater. Previous related work order involved lubrication seal inspection.,,,2.52,LOW,No action,2020-08-02
INS-2020-0092,101-P-001B,2020-07-20,VIBRATION,Crude charge pump B (P-101B) was inspected for vibration on 2020-07-20. Vibration level recorded at 2.48 mm/s. Pump is operating within expected parameters during crude charge to heater service. No abnormal vibration detected at time of inspection.,,,2.5,LOW,No action,2020-10-19
INS-2020-0093,101-P-002A,2020-07-20,VIBRATION,Desalter water pump A (P-102A) vibration measured at 2.12 mm/s during inspection on 2020-07-20. Vibration levels recorded at the lube seal area. Equipment corresponds to drawing 101-P-002A. Service confirmed as desalter wash water.,,,0.57,LOW,No action,2020-10-19
INS-2020-0094,101-P-004B,2020-07-20,VIBRATION,The atmospheric residue bottoms pump B (P-104B) was inspected for vibration on 2020-07-20. Vibration readings recorded were 3.25 mm/s. The pump is in column bottoms service. The most recent related work order involved vibration check and lubrication seal inspection.,,,2.38,LOW,No action,2020-10-19
INS-2020-0095,101-P-005A,2020-07-20,VIBRATION,Naphtha product pump A (P-105A) was inspected for vibration on 2020-07-20. The vibration reading recorded was 2.71 mm/s. The pump is in naphtha rundown service. Previous maintenance included replacement of the mechanical seal.,,,0.55,LOW,No action,2020-10-19
INS-2020-0096,101-P-002B,2020-07-21,VIBRATION,Desalter water pump B (P-102B) was inspected for vibration on 2020-07-21. Vibration reading recorded at 3.0 mm/s. No abnormalities observed in the vibration levels during the inspection.,,,2.38,LOW,No action,2020-10-20
INS-2020-0097,101-P-003A,2020-07-21,VIBRATION,Overhead reflux pump A (P-103A) was inspected on 2020-07-21 for vibration levels. The measured vibration amplitude was 2.48 mm/s. The inspection was conducted in the column overhead reflux service as per drawing 101-P-003A. The most recent related work order was for vibration check and lubrication seal inspection.,,,0.56,LOW,No action,2020-10-20
INS-2020-0098,101-P-005B,2020-07-21,VIBRATION,Naphtha product pump B (P-105B) was inspected for vibration on 2020-07-21. Vibration levels measured at 2.6 mm/s. The equipment is operating within expected parameters. No abnormal vibration detected during the inspection.,,,2.4,LOW,No action,2020-10-20
INS-2020-0099,101-P-006A,2020-07-21,VIBRATION,Diesel product pump A (P-106A) was inspected for vibration on 2020-07-21. Vibration readings were recorded at 2.8 mm/s. The equipment was observed to be operating within normal parameters during the diesel rundown service. No abnormal noise or visual defects were noted at the time of inspection.,,,0.56,LOW,No action,2020-10-20
INS-2020-0100,101-P-003B,2020-07-22,VIBRATION,Overhead reflux pump B (P-103B) was inspected for vibration on 2020-07-22. Vibration amplitude measured 1.86 mm/s. The pump is in column overhead reflux service as per drawing 101-P-003B. No abnormalities were observed during the inspection.,,,2.52,LOW,No action,2020-10-21
INS-2020-0101,101-P-004A,2020-07-22,VIBRATION,The Atmospheric residue bottoms pump A (P-104A) was inspected for vibration on 2020-07-22. Vibration readings recorded 3.1 mm/s. The pump is in column bottoms service as per drawing 101-P-004A. The most recent work order involved a vibration check and lubrication seal inspection.,,,0.54,LOW,No action,2020-10-21
INS-2020-0102,101-P-006B,2020-07-22,VIBRATION,Diesel product pump B (P-106B) was inspected for vibration on 2020-07-22. The vibration reading recorded was 3.13 mm/s. The inspection was conducted in the diesel rundown service as per drawing 101-P-006B. No abnormalities were observed during the vibration check of the lube seal.,,,2.36,LOW,No action,2020-10-21
INS-2020-0103,101-P-001A,2020-08-02,VIBRATION,The vibration measurement for Crude Charge Pump A (P-101A) was recorded at 3.47 mm/s during the inspection on 2020-08-02. The equipment is operating in crude charge to heater service as per drawing 101-P-001A. The reading was taken following a vibration check and lubrication seal inspection. No abnormal vibration levels were noted at the time of inspection.,,,0.54,LOW,No action,2020-11-01
INS-2020-0104,101-PSV-101,2020-10-09,PSV_TEST,The column overhead pressure safety valve (PSV-101) was inspected on 2020-10-09. The valve is installed on the column overhead protection line as per drawing 101-PSV-101. Visual inspection showed the valve body and connections to be intact with no signs of leakage or corrosion. No numeric test readings were recorded during this inspection.,,,,LOW,No action — certified,2027-03-01
INS-2020-0105,101-PSV-103,2020-10-09,PSV_TEST,The desalter pressure safety valve (PSV-103) was inspected on 2020-10-09. Visual examination showed the valve and associated piping in good condition with no signs of corrosion or leakage. Functional testing was performed with no abnormalities observed. No numeric readings were recorded during this inspection.,,,,LOW,No action — certified,2027-03-01
INS-2020-0106,101-PSV-102,2020-10-10,PSV_TEST,"The pressure safety valve PSV-102 on the fired heater tube, serving heater pass protection, was inspected on 2020-10-10. The PSV_TEST was performed with no numeric readings recorded. The valve appeared intact with no visible signs of damage or leakage.",,,,LOW,No action — certified,2027-03-01
INS-2020-0107,101-PSV-104,2020-10-10,PSV_TEST,"The reflux drum pressure safety valve (PSV-104) was inspected on 2020-10-10. The valve was visually examined and no signs of corrosion, leakage, or mechanical damage were observed. The valve seat and disc appeared intact with no visible deformation. No numeric test readings were recorded during this inspection.",,,,LOW,No action — certified,2027-03-01
INS-2020-0108,101-PSV-105,2020-10-11,PSV_TEST,The kerosene stripper pressure safety valve (PSV-105) was inspected on 2020-10-11 as part of the PSV_POP TEST CERT. The valve was visually examined and found to be intact with no signs of external damage or leakage. No numeric readings were recorded during the inspection. The valve appeared to be properly installed and in good condition for kerosene stripper protection service.,,,,LOW,No action — certified,2027-03-01
INS-2020-0109,101-PSV-106,2020-10-12,PSV_TEST,The residue flash drum pressure safety valve (PSV-106) was inspected on 2020-10-12 as part of the PSV pop test certification. The valve was observed to be intact with no visible signs of damage or corrosion. No numeric readings were recorded during the inspection. The valve appeared properly installed and free from external leaks.,,,,LOW,No action — certified,2027-03-01
INS-2020-0110,101-C-001,2020-10-22,INTERNAL,"Internal inspection of atmospheric distillation column C-101 revealed trays in good condition with no visible signs of corrosion, deformation, or fouling. The tray decks and downcomers appeared clean and intact. No leaks or structural damages were observed during the inspection.",,,,LOW,No action,2021-10-22
INS-2020-0111,101-D-004,2020-10-22,INTERNAL,"Internal inspection of residue flash drum D-104 (drawing 101-D-004) conducted on 2020-10-22 revealed no visible signs of corrosion, pitting, or mechanical damage. The interior surfaces appeared clean and free from deposits or scaling. No leaks or cracks were observed at weld joints or nozzle connections. Overall condition of the internal components was consistent with routine maintenance standards.",,,,LOW,No action,2021-10-22
INS-2020-0112,101-E-003,2020-10-22,INTERNAL,Internal inspection of crude/kerosene pumparound preheat exchanger #3 (E-103) conducted on 2020-10-22 revealed fouling accumulation measured at 3.8%. The exchanger surfaces exhibited moderate deposits consistent with fouling in the crude preheat and kerosene pumparound service. No significant corrosion or mechanical damage was observed during the inspection. The condition aligns with typical operational fouling levels for this unit.,3.8,,,LOW,No action,2021-10-22
INS-2020-0113,101-E-007,2020-10-22,INTERNAL,Internal inspection of overhead naphtha condenser E-107 revealed a fouling level of 3.5%. The condenser surfaces showed early signs of deposit accumulation consistent with slow fouling. No significant corrosion or mechanical damage was observed during the inspection. The unit was clean and dry at the time of examination.,3.5,,,LOW,No action,2021-10-22
INS-2020-0114,101-E-012,2020-10-22,INTERNAL,Internal inspection of residue rundown cooler E-112 (drawing 101-E-012) conducted on 2020-10-22 revealed a fouling level of 2.5%. The cooler is in atmospheric residue rundown service. No significant deposits or damage were observed during the inspection.,2.5,,,LOW,No action,2021-10-22
INS-2020-0115,101-D-003,2020-10-23,INTERNAL,"The internal inspection of Diesel Stripper D-103 was conducted on 2020-10-23. The vessel interior appeared clean with no visible corrosion, deposits, or mechanical damage. No abnormalities or defects were observed on the internal surfaces or structural components. The previous cleaning work order was confirmed by the condition observed.",,,,LOW,No action,2021-10-23
INS-2020-0116,101-E-002,2020-10-23,INTERNAL,Internal inspection of crude/atmospheric residue preheat exchanger #2 (E-102) conducted on 2020-10-23 revealed a fouling percentage of 2.9%. The exchanger was found in crude preheat service. The inspection was performed following the TA OPEN CLEAN INSPECT RGKT work order.,2.9,,,LOW,No action,2021-10-23
INS-2020-0117,101-E-006,2020-10-23,INTERNAL,Internal inspection of crude/atmospheric residue preheat exchanger #6 (E-106) conducted on 2020-10-23 revealed a fouling level of 3.7% at the cold end. The exchanger surfaces showed moderate deposit accumulation consistent with early-stage fouling. The inspection was performed following the TA OPEN CLEAN INSPECT RGKT work order. No significant corrosion or mechanical damage was observed during the internal examination.,3.7,,,LOW,No action,2021-10-23
INS-2020-0118,101-E-011,2020-10-23,INTERNAL,Internal inspection of the Diesel product / BFW exchanger (E-111) conducted on 2020-10-23 revealed a fouling percentage of 2.0%. The exchanger surfaces appeared clean with minimal deposits observed. No significant corrosion or mechanical damage was detected during the inspection.,2.0,,,LOW,No action,2021-10-23
INS-2020-0119,101-E-001,2020-10-24,INTERNAL,"Internal inspection of crude/atmospheric residue preheat exchanger #1 (E-101) conducted on 2020-10-24 revealed a fouling level of 3.7%. The exchanger is in crude preheat service on the hot end. The recent work order involved opening, cleaning, and inspecting the unit.",3.7,,,LOW,No action,2021-10-24
INS-2020-0120,101-E-009,2020-10-24,INTERNAL,"Internal inspection of Naphtha/Crude Interchanger (E-109, drawing 101-E-009) conducted on 2020-10-24 revealed fouling accumulation measured at 3.8%. The fouling was observed predominantly on the crude side tubes. No significant corrosion or mechanical damage was noted during the inspection. The unit remains in service with minor fouling present.",3.8,,,LOW,No action,2021-10-24
INS-2020-0121,101-E-010,2020-10-24,INTERNAL,Internal inspection of kerosene stripper reboiler (E-110) on 2020-10-24 revealed a fouling percentage of 2.8%. The reboiler surfaces exhibited minor deposits consistent with normal service conditions. No significant wall loss or corrosion was observed during the inspection.,2.8,,,LOW,No action,2021-10-24
INS-2020-0122,101-E-015,2020-10-24,INTERNAL,Internal inspection of crude/AGO product preheat exchanger #5 (E-105) conducted on 2020-10-24 revealed a fouling level of 2.1%. The exchanger surfaces showed minor deposits consistent with early-stage fouling. No significant corrosion or mechanical damage was observed during the inspection.,2.1,,,LOW,No action,2021-10-24
INS-2020-0123,101-V-001,2020-10-24,INTERNAL,Internal inspection of Electrostatic Desalter V-101 revealed moderate wall thinning in the lower section of the vessel. No significant corrosion or pitting was observed on the internal surfaces. The internals appeared clean following the recent turnaround maintenance. No numeric thickness readings were recorded during this inspection.,,,,LOW,No action,2021-10-24
INS-2020-0124,103-D-012,2020-10-24,INTERNAL,"The internal inspection of the kerosene stripper (D-102) was conducted on 2020-10-24. Visual examination revealed clean internals with no signs of corrosion, fouling, or mechanical damage. No abnormal deposits or wear were observed on the stripping trays and packing. The vessel's internal surfaces appeared intact and well-maintained.",,,,LOW,No action,2021-10-24
INS-2020-0125,101-D-001,2020-10-25,INTERNAL,"The internal inspection of the overhead reflux drum (D-101) was conducted on 2020-10-25. The vessel showed no signs of corrosion, pitting, or mechanical damage. The internal surfaces were clean following the recent maintenance activity. No deposits or foreign materials were observed within the drum.",,,,LOW,No action,2021-10-25
INS-2020-0126,101-E-004,2020-10-25,INTERNAL,"Internal inspection of crude/diesel pumparound preheat exchanger #4 (E-104) conducted on 2020-10-25 revealed a fouling level of 2.0%. The exchanger surfaces showed minor deposits consistent with early-stage fouling. No significant corrosion or mechanical damage was observed during the inspection. The inspection was performed following the work order for open, clean, and inspect activities.",2.0,,,LOW,No action,2021-10-25
INS-2020-0127,101-E-008A,2020-10-25,INTERNAL,Internal inspection of the overhead trim condenser (E-108) revealed a fouling percentage of 3.6%. The two-bundle configuration showed no visible damage or corrosion. Tube surfaces appeared generally clean with minor deposits consistent with the fouling reading. No leaks or mechanical issues were observed during the inspection.,3.6,,,LOW,No action,2021-10-25
INS-2020-0128,101-H-001,2020-10-25,INTERNAL,"Internal inspection of crude fired heater H-101 revealed no visible signs of tube deformation, scaling, or corrosion. The refractory lining appeared intact with no evidence of cracking or spalling. All tube surfaces were clean and free from deposits. No leaks or abnormalities were detected during the inspection.",,,,LOW,No action,2021-10-25
INS-2020-0129,101-P-001A,2020-11-01,VIBRATION,Crude charge pump A (P-101A) was inspected for vibration on 2020-11-01. The vibration reading recorded was 3.91 mm/s. The pump is in service for crude charge to heater as per drawing 101-P-001A. Previous related work order involved vibration check and lubrication seal inspection.,,,3.9,MEDIUM,Increase monitoring frequency,2021-01-31
INS-2020-0130,101-C-001,2020-11-07,UT_THICKNESS,Ultrasonic thickness measurement was performed on the atmospheric distillation column C-101 on 2020-11-07. The minimum wall thickness recorded was 13.86 mm. The inspection was conducted in the crude fractionation service area. Internal tray inspection was recently completed as per work order TA INTERNAL TRAY INSP.,,13.86,,LOW,No action,2021-11-07
INS-2020-0131,101-D-001,2020-11-08,UT_THICKNESS,"The overhead reflux drum (D-101) was inspected using ultrasonic thickness measurement on 2020-11-08. The minimum wall thickness recorded was 11.88 mm. The equipment is identified as an overhead accumulator, and the inspection was conducted following the internal inspection and cleaning work order. No anomalies or deviations from expected thickness values were observed during the inspection.",,11.88,,LOW,No action,2021-11-08
INS-2020-0132,101-E-001,2020-11-09,UT_THICKNESS,"Ultrasonic thickness measurement conducted on November 9, 2020, at the crude preheat exchanger #1 (E-101) hot end revealed a minimum wall thickness of 6.08 mm. The inspection was performed following the turnaround work order for opening, cleaning, and inspecting the radiant section. No visual anomalies were noted during the inspection.",,6.08,,LOW,No action,2021-11-09
INS-2020-0133,101-E-010,2020-11-09,UT_THICKNESS,Ultrasonic thickness inspection of the kerosene stripper reboiler (E-110) conducted on 2020-11-09 revealed a minimum wall thickness of 5.71 mm. The inspection was performed in accordance with drawing 101-E-010. No additional anomalies or defects were observed during the thickness measurements.,,5.71,,MEDIUM,"Monitor, re-UT in 12 months",2021-11-09
INS-2020-0134,101-V-001,2020-11-09,UT_THICKNESS,Ultrasonic thickness inspection performed on electrostatic desalter V-101 on 2020-11-09 indicated a minimum wall thickness of 11.09 mm. The inspection was conducted following the internal cleaning work order. No visible external corrosion or damage was observed on the vessel shell during the inspection.,,11.09,,MEDIUM,"Monitor, re-UT in 12 months",2021-11-09
INS-2020-0135,103-D-012,2020-11-09,UT_THICKNESS,The kerosene stripper (D-102) was inspected using ultrasonic thickness testing on 2020-11-09. The minimum wall thickness recorded was 11.86 mm. The unit is currently in kerosene stripping service. The most recent maintenance activity was an internal inspection and cleaning as per work order.,,11.86,,LOW,No action,2021-11-09
INS-2020-0136,101-D-003,2020-11-10,UT_THICKNESS,"Ultrasonic thickness measurement was performed on the Diesel Stripper (D-103, drawing 101-D-003) on 2020-11-10. The minimum wall thickness recorded was 11.85 mm. The equipment is in diesel stripping service. The most recent work order involved internal inspection and cleaning.",,11.85,,LOW,No action,2021-11-10
INS-2020-0137,101-E-002,2020-11-10,UT_THICKNESS,Ultrasonic thickness measurement performed on crude/atmospheric residue preheat exchanger #2 (E-102) on 2020-11-10 indicated a minimum wall thickness of 6.2 mm. The inspection was conducted following the recent turnaround work order for open cleaning and inspection of the exchanger. No visible external damage or corrosion was observed on the exchanger shell or tubes during the inspection.,,6.2,,LOW,No action,2021-11-10
INS-2020-0138,101-E-011,2020-11-10,UT_THICKNESS,"The Diesel Product / BFW exchanger (E-111, drawing 101-E-011) was inspected on 2020-11-10 using ultrasonic thickness measurement. The minimum wall thickness recorded was 6.26 mm. The exchanger is in service for diesel product cooling. The most recent work order involved opening, cleaning, and inspecting the rack.",,6.26,,LOW,No action,2021-11-10
INS-2020-0139,101-D-004,2020-11-11,UT_THICKNESS,"The residue flash drum (D-104, drawing 101-D-004) was inspected using ultrasonic thickness testing on 2020-11-11. The minimum wall thickness recorded was 11.79 mm. The equipment is in residue flash service. The most recent work order involved an internal inspection and cleaning.",,11.79,,LOW,No action,2021-11-11
INS-2020-0140,101-E-003,2020-11-11,UT_THICKNESS,Ultrasonic thickness inspection of crude/kerosene pumparound preheat exchanger #3 (E-103) conducted on 2020-11-11 revealed a minimum wall thickness of 6.09 mm. The exchanger is utilized for crude preheat and kerosene pumparound service. Previous maintenance included turnaround open cleaning and inspection of the rotary gasket.,,6.09,,LOW,No action,2021-11-11
INS-2020-0141,101-E-012,2020-11-11,UT_THICKNESS,The residue rundown cooler (E-112) in atmospheric residue rundown service was inspected using ultrasonic thickness measurement on 2020-11-11. The minimum wall thickness recorded was 6.08 mm. The inspection was conducted following the recent work order for open cleaning and inspection of the rack. No anomalies were observed during the thickness measurement.,,6.08,,LOW,No action,2021-11-11
INS-2020-0142,101-E-004,2020-11-12,UT_THICKNESS,Ultrasonic thickness measurement conducted on 2020-11-12 for crude/diesel pumparound preheat exchanger #4 (E-104) revealed a minimum wall thickness of 6.23 mm. The inspection was performed following the TA open clean inspect RGKT work order. No additional anomalies or defects were observed during the examination.,,6.23,,LOW,No action,2021-11-12
INS-2020-0143,101-H-001,2020-11-12,UT_THICKNESS,Ultrasonic thickness measurement was performed on crude fired heater H-101 on 2020-11-12. The minimum wall thickness recorded was 6.29 mm. No visible signs of corrosion or damage were observed on the inspected surfaces. The equipment appeared to be in good condition consistent with the service requirements.,,6.29,,LOW,No action,2021-11-12
INS-2020-0144,101-E-015,2020-11-13,UT_THICKNESS,"Ultrasonic thickness inspection of crude/AGO product preheat exchanger #5 (E-105) conducted on 2020-11-13 revealed a minimum wall thickness of 6.11 mm. The equipment is in crude preheat/AGO service as per drawing 101-E-015. The inspection was performed following the recent work order for TA open, clean, and inspect RGKT.",,6.11,,LOW,No action,2021-11-13
INS-2020-0145,101-E-006,2020-11-14,UT_THICKNESS,"Ultrasonic thickness measurement was performed on the crude/atmospheric residue preheat exchanger #6 (E-106) cold end on 2020-11-14. The minimum wall thickness recorded was 6.25 mm. The unit was previously subjected to a turnaround involving opening, cleaning, and inspection of the radiant section. No additional anomalies were noted during the thickness survey.",,6.25,,LOW,No action,2021-11-14
INS-2020-0146,101-E-007,2020-11-15,UT_THICKNESS,"The overhead naphtha condenser (E-107) was inspected using ultrasonic thickness measurement on 2020-11-15. The minimum wall thickness recorded was 6.27 mm. The equipment is used for column overhead condensing service. The last recorded maintenance activity involved opening, cleaning, and inspecting the reflux gas knockout drum.",,6.27,,LOW,No action,2021-11-15
INS-2020-0147,101-E-008A,2020-11-16,UT_THICKNESS,The overhead trim condenser (E-108) was inspected using ultrasonic thickness testing on 2020-11-16. The minimum wall thickness recorded was 6.29 mm. The equipment consists of a two-bundle design as per drawing 101-E-008A. The inspection was conducted in the column overhead trim service area.,,6.29,,LOW,No action,2021-11-16
INS-2020-0148,101-E-009,2020-11-17,UT_THICKNESS,Ultrasonic thickness inspection of the Naphtha/Crude Interchanger (E-109) conducted on 2020-11-17 revealed a minimum wall thickness of 6.15 mm. The equipment is currently in service for naphtha product and crude. Previous maintenance included a turnaround with open cleaning and inspection of the regenerator tube.,,6.15,,LOW,No action,2021-11-17
INS-2021-0149,101-P-001B,2021-01-18,VIBRATION,Crude charge pump B (P-101B) was inspected for vibration on 2021-01-18. Vibration reading recorded at 2.48 mm/s. Equipment operating in crude charge to heater service. No abnormalities observed during inspection.,,,0.56,LOW,No action,2021-04-19
INS-2021-0150,101-P-002A,2021-01-18,VIBRATION,Desalter water pump A (P-102A) vibration measured at 2.53 mm/s on 2021-01-18 during inspection. Vibration levels recorded at the lube seal area. Equipment operating in desalter wash water service as per drawing 101-P-002A. No visible signs of seal leakage observed at the time of inspection.,,,0.56,LOW,No action,2021-04-19
INS-2021-0151,101-P-004B,2021-01-18,VIBRATION,The atmospheric residue bottoms pump B (P-104B) was inspected for vibration on 2021-01-18. The vibration reading recorded was 2.47 mm/s. The pump is operating in column bottoms service. The most recent work order involved a vibration check and lubrication seal inspection.,,,2.28,LOW,No action,2021-04-19
INS-2021-0152,101-P-005A,2021-01-18,VIBRATION,Naphtha product pump A (P-105A) was inspected for vibration on 2021-01-18 during naphtha rundown service. Vibration reading recorded at 1.91 mm/s. Work order noted as VIB CHECK LUBE SEAL INSP. No visible abnormalities observed on external seal components.,,,0.52,LOW,No action,2021-04-19
INS-2021-0153,101-P-002B,2021-01-19,VIBRATION,Desalter water pump B (P-102B) was inspected for vibration on 2021-01-19. Vibration reading recorded at 3.35 mm/s. Equipment is operating within expected parameters for desalter wash water service. No abnormalities observed during inspection.,,,2.41,LOW,No action,2021-04-20
INS-2021-0154,101-P-003A,2021-01-19,VIBRATION,Overhead reflux pump A (P-103A) was inspected for vibration on 2021-01-19. The vibration reading recorded was 2.55 mm/s. The inspection was conducted in relation to the lube seal check as per the most recent work order.,,,2.54,LOW,No action,2021-04-20
INS-2021-0155,101-P-005B,2021-01-19,VIBRATION,Naphtha product pump B (P-105B) was inspected for vibration on 2021-01-19 during naphtha rundown service. Vibration velocity was recorded at 3.29 mm/s. The pump showed no abnormal vibration patterns at the time of inspection. The lubrication seal was checked as part of the vibration assessment.,,,2.4,LOW,No action,2021-04-20
INS-2021-0156,101-P-006A,2021-01-19,VIBRATION,Diesel product pump A (P-106A) was inspected for vibration on 2021-01-19. Vibration reading recorded at 2.77 mm/s. The pump was operating in diesel rundown service as per drawing 101-P-006A. Previous work order noted as VIB CHECK LUBE SEAL INSP.,,,0.54,LOW,No action,2021-04-20
INS-2021-0157,101-P-003B,2021-01-20,VIBRATION,Overhead reflux pump B (P-103B) was inspected for vibration on 2021-01-20. Vibration level recorded at 3.08 mm/s. Equipment is operating within expected parameters during this inspection. No abnormal noise or movement observed at the time of assessment.,,,0.6,LOW,No action,2021-04-21
INS-2021-0158,101-P-004A,2021-01-20,VIBRATION,Atmospheric residue bottoms pump A (P-104A) was inspected for vibration on 2021-01-20. Vibration level recorded was 1.69 mm/s. The pump is in column bottoms service as per drawing 101-P-004A. Previous work order involved vibration check and lubrication seal inspection.,,,0.53,LOW,No action,2021-04-21
INS-2021-0159,101-P-006B,2021-01-20,VIBRATION,Diesel product pump B (P-106B) was inspected for vibration on 2021-01-20 during diesel rundown service. Vibration level recorded was 1.88 mm/s. The pump showed no abnormal vibration trends at the time of inspection.,,,2.51,LOW,No action,2021-04-21
INS-2021-0160,101-P-001A,2021-01-31,VIBRATION,Crude charge pump A (P-101A) was inspected for vibration on 2021-01-31. The vibration reading recorded was 5.58 mm/s. The inspection was conducted in relation to the lube seal condition. No visible abnormalities were noted on the pump casing or mounting.,,,5.65,HIGH,Replace bearings,2021-05-02
INS-2021-0161,101-P-001B,2021-04-19,VIBRATION,Crude charge pump B (P-101B) was inspected for vibration on 2021-04-19. Vibration readings recorded at the pump bearing housing showed 3.29 mm/s. Visual inspection of the pump and surrounding area revealed no signs of abnormal wear or damage. The equipment was operating under normal conditions during the inspection.,,,0.59,LOW,No action,2021-07-19
INS-2021-0162,101-P-002A,2021-04-19,VIBRATION,Desalter water pump A (P-102A) vibration inspection conducted on 2021-04-19 showed a vibration level of 2.06 mm/s. The pump is in service for desalter wash water. The reading was taken during a vibration check and lube seal inspection as per drawing 101-P-002A.,,,2.37,LOW,No action,2021-07-19
INS-2021-0163,101-P-004B,2021-04-19,VIBRATION,Atmospheric residue bottoms pump B (P-104B) was inspected on 2021-04-19 for vibration levels. The vibration reading recorded was 2.19 mm/s. The pump is operating within typical vibration parameters for column bottoms service. No abnormal vibration patterns were observed during the inspection.,,,0.54,LOW,No action,2021-07-19
INS-2021-0164,101-P-005A,2021-04-19,VIBRATION,Naphtha product pump A (P-105A) was inspected for vibration on 2021-04-19 during naphtha rundown service. Vibration reading recorded at 2.62 mm/s. Work order referenced for vibration check and lubrication seal inspection.,,,2.44,LOW,No action,2021-07-19
INS-2021-0165,101-P-002B,2021-04-20,VIBRATION,Desalter water pump B (P-102B) vibration measured at 2.5 mm/s during inspection on 2021-04-20. Vibration levels are within normal operating range. No abnormal noise or movement observed at the time of inspection. Lube seal condition checked as per work order VIB CHECK LUBE SEAL INSP.,,,0.53,LOW,No action,2021-07-20
INS-2021-0166,101-P-003A,2021-04-20,VIBRATION,Overhead reflux pump A (P-103A) was inspected for vibration on 2021-04-20. Vibration velocity measured 4.47 mm/s. The pump is in column overhead reflux service as per drawing 101-P-003A. Previous work order noted lubrication seal inspection.,,,4.31,MEDIUM,Increase monitoring frequency,2021-07-20
INS-2021-0167,101-P-005B,2021-04-20,VIBRATION,Naphtha product pump B (P-105B) operating in naphtha rundown service was inspected for vibration on 2021-04-20. Vibration reading recorded at 3.0 mm/s. No abnormal noise or looseness detected during inspection. Equipment appeared to be in normal operating condition.,,,0.54,LOW,No action,2021-07-20
INS-2021-0168,101-P-006A,2021-04-20,VIBRATION,Diesel product pump A (P-106A) was inspected for vibration on 2021-04-20 during diesel rundown service. Vibration velocity measured 1.76 mm/s. No abnormalities were observed in the lube seal area during the inspection.,,,,LOW,No action,2021-07-20
INS-2021-0169,101-P-003B,2021-04-21,VIBRATION,Overhead reflux pump B (P-103B) was inspected for vibration on 2021-04-21. The vibration reading recorded was 2.16 mm/s. The pump is in column overhead reflux service. Recent work order indicates vibration check and lubrication seal inspection.,,,0.56,LOW,No action,2021-07-21
INS-2021-0170,101-P-004A,2021-04-21,VIBRATION,Atmospheric residue bottoms pump A (P-104A) was inspected for vibration on 2021-04-21. Vibration readings recorded at the pump bearing were 3.26 mm/s. The equipment was operating in column bottoms service at the time of inspection. No abnormalities were observed visually during the inspection.,,,2.34,LOW,No action,2021-07-21
INS-2021-0171,101-P-006B,2021-04-21,VIBRATION,The vibration measurement on diesel product pump B (P-106B) during diesel rundown service was recorded at 2.92 mm/s on 2021-04-21. The inspection was conducted as part of routine vibration check and lubrication seal inspection. No abnormal vibration levels were observed.,,,0.58,LOW,No action,2021-07-21
INS-2021-0172,101-P-001A,2021-05-02,VIBRATION,Crude charge pump A (P-101A) was inspected for vibration on 2021-05-02. Vibration velocity measured 7.37 mm/s. The inspection was conducted in relation to the lube seal condition. No abnormal noise or visible damage was observed during the check.,,,7.38,HIGH,Replace bearings,2021-08-01
INS-2021-0173,101-C-001,2021-06-11,VISUAL,"The atmospheric distillation column C-101 was visually inspected on 2021-06-11. The external surfaces appeared clean with no signs of corrosion, leaks, or mechanical damage. No abnormal conditions were observed in the insulation or structural supports. The lube condition was checked and found to be satisfactory with no visible contamination or degradation.",,,,LOW,No action,2022-06-11
INS-2021-0174,101-D-001,2021-06-12,VISUAL,"The overhead reflux drum (D-101) was visually inspected on 2021-06-12. The vessel surface showed no signs of corrosion, leaks, or mechanical damage. All external fittings and connections appeared intact and secure. No abnormalities were observed in the overhead accumulator during the inspection.",,,,LOW,No action,2022-06-12
INS-2021-0175,101-E-001,2021-06-13,VISUAL,"The crude/atmospheric residue preheat exchanger #1 (E-101) was visually inspected on 2021-06-13. The exchanger is in crude preheat service at the hot end. Fouling was observed on the heat transfer surfaces, with a fouling percentage measured at 17.3%. No other abnormalities were noted during the inspection.",17.3,,,MEDIUM,Clean at TA-2027,2022-06-13
INS-2021-0176,101-E-010,2021-06-13,VISUAL,Visual inspection of kerosene stripper reboiler (E-110) on 2021-06-13 revealed a fouling percentage of 3.2%. The external surfaces showed minor deposits consistent with normal operation. No visible signs of corrosion or mechanical damage were observed.,3.2,,,LOW,No action,2022-06-13
INS-2021-0177,101-V-001,2021-06-13,VISUAL,The electrostatic desalter (V-101) was visually inspected on 2021-06-13. External surfaces exhibited areas of paint degradation and minor corrosion consistent with wall loss. No numeric thickness measurements were recorded during this inspection. The overall structural integrity appeared maintained with no visible cracks or leaks.,,,,LOW,No action,2022-06-13
INS-2021-0178,103-D-012,2021-06-13,VISUAL,"The kerosene stripper (D-102) was visually inspected on 2021-06-13. No signs of corrosion, leaks, or mechanical damage were observed on the equipment surface. The external condition of the unit appeared clean and well-maintained. No abnormalities were detected during the inspection.",,,,LOW,No action,2022-06-13
INS-2021-0179,101-D-003,2021-06-14,VISUAL,"The diesel stripper (D-103, drawing 101-D-003) was visually inspected on 2021-06-14. The equipment showed no signs of external damage, corrosion, or leakage. All visible components appeared intact and in serviceable condition. No abnormal conditions were observed during the inspection.",,,,LOW,No action,2022-06-14
INS-2021-0180,101-E-002,2021-06-14,VISUAL,"Visual inspection of crude/atmospheric residue preheat exchanger #2 (E-102) on 2021-06-14 revealed fouling accumulation estimated at 17.5%. The fouling was observed on heat transfer surfaces, indicating a reduction in heat exchanger efficiency. No visible leaks or mechanical damage were noted during the inspection.",17.5,,,MEDIUM,Clean at TA-2027,2022-06-14
INS-2021-0181,101-E-011,2021-06-14,VISUAL,"The Diesel product / BFW exchanger (E-111, drawing 101-E-011) was visually inspected on 2021-06-14. The exchanger is in service for diesel product cooling. Visual inspection revealed no visible damage or corrosion on external surfaces. Fouling percentage was measured at 3.9%.",3.9,,,LOW,No action,2022-06-14
INS-2021-0182,101-D-004,2021-06-15,VISUAL,"The residue flash drum (D-104) was visually inspected on 2021-06-15. The external surface showed no signs of corrosion, cracks, or mechanical damage. Weld seams appeared intact with no visible defects. No leaks or staining were observed around nozzles and flanges.",,,,LOW,No action,2022-06-15
INS-2021-0183,101-E-003,2021-06-15,VISUAL,Visual inspection of crude/kerosene pumparound preheat exchanger #3 (E-103) revealed an estimated fouling level of 8.0%. The exchanger surfaces showed signs of deposit buildup consistent with slow fouling. No visible damage or leaks were observed during the inspection on 2021-06-15.,8.0,,,LOW,No action,2022-06-15
INS-2021-0184,101-E-012,2021-06-15,VISUAL,"The residue rundown cooler (E-112, drawing 101-E-012) was visually inspected on 2021-06-15. The unit is in atmospheric residue rundown service. Visual examination revealed minor fouling deposits on the heat exchange surfaces. Fouling percentage was measured at 3.6%. No significant abnormalities or damage were observed during the inspection.",3.6,,,LOW,No action,2022-06-15
INS-2021-0185,101-E-004,2021-06-16,VISUAL,Visual inspection of crude/diesel pumparound preheat exchanger #4 (E-104) on 2021-06-16 revealed a fouling percentage of 7.8%. The exchanger surfaces showed moderate deposits consistent with fouling accumulation. No visible damage or leaks were observed during the inspection.,7.8,,,LOW,No action,2022-06-16
INS-2021-0186,101-H-001,2021-06-16,VISUAL,The crude fired heater H-101 was visually inspected on 2021-06-16. The heater shell and insulation appeared intact with no visible signs of corrosion or damage. Burner flames were stable and uniform during operation. No leaks or abnormal conditions were observed around the equipment.,,,,LOW,No action,2022-06-16
INS-2021-0187,101-E-015,2021-06-17,VISUAL,Visual inspection of crude/AGO product preheat exchanger #5 (E-105) on 2021-06-17 revealed surface deposits indicative of fouling. Measurement indicated a fouling percentage of 6.9%. No abnormalities in the exchanger structure were observed during the inspection.,6.9,,,LOW,No action,2022-06-17
INS-2021-0188,101-E-006,2021-06-18,VISUAL,The crude/atmospheric residue preheat exchanger #6 (E-106) was visually inspected on 2021-06-18. The exchanger is in crude preheat service at the cold end. Fouling was observed with a measured fouling percentage of 16.6%. No other abnormalities were noted during the inspection.,16.6,,,MEDIUM,Clean at TA-2027,2022-06-18
INS-2021-0189,101-E-007,2021-06-19,VISUAL,The overhead naphtha condenser (E-107) was visually inspected on 2021-06-19. The unit showed signs of fouling with an estimated fouling percentage of 7.5%. No abnormal corrosion or damage was observed on the external surfaces. The condenser remains in service for column overhead condensing as per drawing 101-E-007.,7.5,,,LOW,No action,2022-06-19
INS-2021-0190,101-E-008A,2021-06-20,VISUAL,"The overhead trim condenser (two-bundle) E-108 was visually inspected on 2021-06-20. The unit showed no visible signs of damage or corrosion. Fouling percentage was measured at 4.1%, indicating minimal deposit accumulation. The external condition of the lube system appeared normal.",4.1,,,LOW,No action,2022-06-20
INS-2021-0191,101-E-009,2021-06-21,VISUAL,"Visual inspection of the Naphtha/Crude Interchanger (E-109, drawing 101-E-009) conducted on 2021-06-21 revealed fouling accumulation estimated at 6.5%. The exchanger is operating in naphtha product and crude service. No other abnormalities were observed during the inspection.",6.5,,,LOW,No action,2022-06-21
INS-2021-0192,101-P-001B,2021-07-19,VIBRATION,Crude charge pump B (P-101B) was inspected for vibration on 2021-07-19. Vibration reading recorded at 2.63 mm/s. Visual inspection showed no abnormalities in the pump casing or mounting. Lube seal area appeared intact with no signs of leakage.,,,0.58,LOW,No action,2021-10-18
INS-2021-0193,101-P-002A,2021-07-19,VIBRATION,Desalter water pump A (P-102A) was inspected for vibration on 2021-07-19. Vibration reading recorded at 3.28 mm/s. Previous maintenance included replacement of mechanical seal as per work order. No visible external leaks observed at the seal area during inspection.,,,2.59,LOW,No action,2021-10-18
INS-2021-0194,101-P-004B,2021-07-19,VIBRATION,The atmospheric residue bottoms pump B (P-104B) vibration measurement was recorded at 2.56 mm/s on 2021-07-19. The inspection was conducted as part of the vibration check for the lube seal. No abnormal vibration levels were observed during the assessment.,,,0.54,LOW,No action,2021-10-18
INS-2021-0195,101-P-005A,2021-07-19,VIBRATION,Naphtha product pump A (P-105A) was inspected for vibration on 2021-07-19. Vibration reading recorded at 2.63 mm/s. Inspection focused on lubrication seal condition as per work order VIB CHECK LUBE SEAL INSP. No visible abnormalities noted on external seal components.,,,2.42,LOW,No action,2021-10-18
INS-2021-0196,101-P-002B,2021-07-20,VIBRATION,Desalter water pump B (P-102B) vibration measured at 1.86 mm/s during inspection on 2021-07-20. Equipment operating within expected vibration range. No abnormal noise or movement observed. Vibration readings consistent with previous measurements recorded under work order VIB CHECK LUBE SEAL INSP.,,,0.51,LOW,No action,2021-10-19
INS-2021-0197,101-P-003A,2021-07-20,VIBRATION,Overhead reflux pump A (P-103A) was inspected for vibration on 2021-07-20. The vibration reading recorded was 6.11 mm/s. The inspection was conducted in the column overhead reflux service area. The most recent work order referenced lubrication seal inspection.,,,5.99,HIGH,Replace bearings,2021-10-19
INS-2021-0198,101-P-005B,2021-07-20,VIBRATION,Naphtha product pump B (P-105B) operating in naphtha rundown service was inspected for vibration on 2021-07-20. Vibration velocity reading was 2.46 mm/s. No abnormal vibration levels were observed during the inspection.,,,0.57,LOW,No action,2021-10-19
INS-2021-0199,101-P-006A,2021-07-20,VIBRATION,Diesel product pump A (P-106A) was inspected for vibration on 2021-07-20. The vibration reading recorded was 3.21 mm/s. The pump was operating in diesel rundown service as per drawing 101-P-006A. Visual inspection showed no abnormalities in the pump housing or mounting.,,,2.37,LOW,No action,2021-10-19
INS-2021-0200,101-P-003B,2021-07-21,VIBRATION,Overhead reflux pump B (P-103B) inspected for vibration on 2021-07-21. Vibration level recorded at 1.86 mm/s. Equipment operating within expected parameters during column overhead reflux service. Visual inspection showed no abnormalities.,,,0.55,LOW,No action,2021-10-20
INS-2021-0201,101-P-004A,2021-07-21,VIBRATION,Atmospheric residue bottoms pump A (P-104A) was inspected for vibration on 2021-07-21. Vibration amplitude measured at 1.78 mm/s. Equipment is operating within expected parameters for column bottoms service. No abnormal vibration detected during inspection.,,,2.35,LOW,No action,2021-10-20
INS-2021-0202,101-P-006B,2021-07-21,VIBRATION,The vibration measurement for Diesel product pump B (P-106B) in diesel rundown service was recorded at 1.95 mm/s on 2021-07-21. The inspection focused on vibration levels related to the lube seal. No abnormal vibration was observed during the check.,,,0.55,LOW,No action,2021-10-20
INS-2021-0203,101-P-001A,2021-08-01,VIBRATION,Crude charge pump A (P-101A) was inspected for vibration on 2021-08-01. Vibration amplitude measured at 3.05 mm/s. Equipment is used for crude charge to heater service. Recent maintenance included a vibration check and lubrication seal inspection.,,,2.56,LOW,No action,2021-10-31
INS-2021-0204,101-P-001B,2021-10-18,VIBRATION,Crude charge pump B (P-101B) vibration measurement recorded at 2.45 mm/s on 2021-10-18. Equipment operating within expected parameters during crude charge to heater service. Previous work order noted as VIB CHECK LUBE SEAL INSP. No abnormal vibration patterns detected at time of inspection.,,,2.31,LOW,No action,2022-01-17
INS-2021-0205,101-P-002A,2021-10-18,VIBRATION,Desalter water pump A (P-102A) was inspected for vibration on 2021-10-18. Vibration reading recorded at 1.9 mm/s. Equipment is in service for desalter wash water. Previous work order noted as vibration check on lube seal inspection.,,,0.51,LOW,No action,2022-01-17
INS-2021-0206,101-P-004B,2021-10-18,VIBRATION,Atmospheric residue bottoms pump B (P-104B) was inspected for vibration on 2021-10-18. The vibration reading recorded was 3.13 mm/s. Visual examination showed no signs of abnormal wear or damage. The pump was operating under normal conditions during the inspection.,,,2.56,LOW,No action,2022-01-17
INS-2021-0207,101-P-005A,2021-10-18,VIBRATION,Naphtha product pump A (P-105A) was inspected for vibration on 2021-10-18 during naphtha rundown service. Vibration reading recorded was 2.44 mm/s. The inspection was conducted in conjunction with a lubrication seal check. No visible abnormalities or leaks were observed at the seal area during the inspection.,,,0.58,LOW,No action,2022-01-17
INS-2021-0208,101-P-002B,2021-10-19,VIBRATION,Desalter water pump B (P-102B) vibration measurement recorded at 1.63 mm/s on 2021-10-19. Equipment operating within expected vibration parameters during inspection. No abnormal vibration levels detected at the time of assessment.,,,2.46,LOW,No action,2022-01-18
INS-2021-0209,101-P-003A,2021-10-19,VIBRATION,Overhead reflux pump A (P-103A) was inspected for vibration on 2021-10-19. The vibration reading recorded was 2.35 mm/s. The pump is in service for column overhead reflux. The most recent work order indicates bearing replacement and decoupling.,,,2.05,LOW,No action,2022-01-18
INS-2021-0210,101-P-005B,2021-10-19,VIBRATION,Naphtha product pump B (P-105B) was inspected for vibration on 2021-10-19. Vibration reading recorded at 2.28 mm/s. Equipment operating within expected parameters for naphtha rundown service. No abnormal vibration levels detected during inspection.,,,2.46,LOW,No action,2022-01-18
INS-2021-0211,101-P-006A,2021-10-19,VIBRATION,Diesel product pump A (P-106A) operating in diesel rundown service was inspected for vibration on 2021-10-19. Vibration levels measured 1.65 mm/s. No abnormalities were observed during the inspection.,,,0.58,LOW,No action,2022-01-18
INS-2021-0212,101-P-003B,2021-10-20,VIBRATION,Overhead reflux pump B (P-103B) was inspected for vibration on 2021-10-20. Vibration readings recorded at the pump bearing were 3.26 mm/s. No abnormal noise or visible damage was observed during the inspection. The pump is operating within expected vibration limits.,,,0.6,LOW,No action,2022-01-19
INS-2021-0213,101-P-004A,2021-10-20,VIBRATION,Atmospheric residue bottoms pump A (P-104A) was inspected for vibration on 2021-10-20. Vibration level recorded at 3.12 mm/s. Equipment is operating within expected parameters. No abnormal noise or movement observed during inspection.,,,0.57,LOW,No action,2022-01-19
INS-2021-0214,101-P-006B,2021-10-20,VIBRATION,The diesel product pump B (P-106B) operating in diesel rundown service was inspected for vibration on 2021-10-20. Vibration readings recorded were 2.09 mm/s. The pump exhibited stable vibration levels within the expected range during the inspection. The most recent work order referenced was a vibration check and lubrication seal inspection.,,,2.44,LOW,No action,2022-01-19
INS-2021-0215,101-P-001A,2021-10-31,VIBRATION,Crude charge pump A (P-101A) was inspected for vibration on 2021-10-31. The vibration reading recorded was 2.53 mm/s. The inspection was conducted in relation to the lube seal condition. No visible abnormalities were noted during the assessment.,,,0.57,LOW,No action,2022-01-30
INS-2022-0216,101-P-001B,2022-01-17,VIBRATION,Crude charge pump B (P-101B) vibration inspection conducted on 2022-01-17 showed a vibration level of 2.08 mm/s. The pump is in crude charge to heater service as per drawing 101-P-001B. Previous work order indicates a vibration check and lube seal inspection was performed. No abnormalities were observed during the inspection.,,,0.51,LOW,No action,2022-04-18
INS-2022-0217,101-P-002A,2022-01-17,VIBRATION,Desalter water pump A (P-102A) was inspected for vibration on 2022-01-17. Vibration reading recorded at 1.68 mm/s. No visible signs of seal leakage observed during the inspection. Equipment operating within expected parameters at time of check.,,,2.33,LOW,No action,2022-04-18
INS-2022-0218,101-P-004B,2022-01-17,VIBRATION,Atmospheric residue bottoms pump B (P-104B) was inspected for vibration on 2022-01-17. Vibration level recorded at 2.77 mm/s. No abnormal vibration detected during the inspection. Equipment operating within expected parameters.,,,0.52,LOW,No action,2022-04-18
INS-2022-0219,101-P-005A,2022-01-17,VIBRATION,Naphtha product pump A (P-105A) was inspected for vibration on 2022-01-17. Vibration reading recorded at 2.54 mm/s. Historical records indicate previous mechanical seal replacement. No visible external leaks observed during inspection.,,,2.36,LOW,No action,2022-04-18
INS-2022-0220,101-P-002B,2022-01-18,VIBRATION,Desalter water pump B (P-102B) was inspected for vibration on 2022-01-18. The vibration reading recorded was 2.01 mm/s. The equipment is operating within expected parameters for desalter wash water service. No abnormal vibration levels were observed during the inspection.,,,0.55,LOW,No action,2022-04-19
INS-2022-0221,101-P-003A,2022-01-18,VIBRATION,Overhead reflux pump A (P-103A) was inspected for vibration on 2022-01-18. The vibration reading recorded was 3.35 mm/s. The pump is in service for column overhead reflux. Previous maintenance included bearing replacement and coupling work as per work order REPL BRG DE COUPLE.,,,2.58,LOW,No action,2022-04-19
INS-2022-0222,101-P-005B,2022-01-18,VIBRATION,Naphtha product pump B (P-105B) vibration measurement taken on 2022-01-18 showed a velocity of 3.38 mm/s. The equipment was observed operating under naphtha rundown service conditions. No abnormal noise or movement was detected during the inspection. The vibration level is within expected operational parameters.,,,0.52,LOW,No action,2022-04-19
INS-2022-0223,101-P-006A,2022-01-18,VIBRATION,Diesel product pump A (P-106A) was inspected for vibration on 2022-01-18. The vibration reading measured 2.03 mm/s. The pump is in diesel rundown service as per drawing 101-P-006A. The most recent work order referenced a vibration check and lubrication seal inspection.,,,2.43,LOW,No action,2022-04-19
INS-2022-0224,101-P-003B,2022-01-19,VIBRATION,Overhead reflux pump B (P-103B) was inspected for vibration on 2022-01-19. Vibration level measured at 1.9 mm/s. Equipment is operating within expected parameters for column overhead reflux service. No abnormal vibration detected during inspection.,,,0.56,LOW,No action,2022-04-20
INS-2022-0225,101-P-004A,2022-01-19,VIBRATION,Atmospheric residue bottoms pump A (P-104A) was inspected for vibration on 2022-01-19. Vibration reading recorded at 3.22 mm/s. Equipment is operating within expected parameters. No abnormal noise or movement observed during inspection.,,,2.4,LOW,No action,2022-04-20
INS-2022-0226,101-P-006B,2022-01-19,VIBRATION,Diesel product pump B (P-106B) was inspected for vibration on 2022-01-19 during diesel rundown service. Vibration measurement recorded was 2.88 mm/s. Visual inspection showed no abnormalities in the pump casing or mounting. The lubrication seal appeared intact with no signs of leakage.,,,0.55,LOW,No action,2022-04-20
INS-2022-0227,101-P-001A,2022-01-30,VIBRATION,Crude charge pump A (P-101A) was inspected for vibration on 2022-01-30. The vibration reading recorded was 3.41 mm/s. The unit is in crude charge service to the heater. Previous maintenance included a vibration check and lubrication seal inspection.,,,2.49,LOW,No action,2022-05-01
INS-2022-0228,101-P-001B,2022-04-18,VIBRATION,Crude charge pump B (P-101B) was inspected for vibration on 2022-04-18. Vibration reading recorded at 2.2 mm/s. Equipment operating in crude charge to heater service. Previous maintenance included vibration check and lubrication seal inspection.,,,2.35,LOW,No action,2022-07-18
INS-2022-0229,101-P-002A,2022-04-18,VIBRATION,Desalter water pump A (P-102A) was inspected for vibration on 2022-04-18. Vibration reading recorded was 2.38 mm/s. The inspection was conducted in relation to the lube seal condition. No visible leaks or abnormalities were noted at the seal area during the inspection.,,,0.61,LOW,No action,2022-07-18
INS-2022-0230,101-P-004B,2022-04-18,VIBRATION,Atmospheric residue bottoms pump B (P-104B) was inspected for vibration on 2022-04-18. The vibration reading recorded was 3.05 mm/s. The equipment is operating within expected vibration parameters. No abnormalities were observed during the inspection.,,,2.41,LOW,No action,2022-07-18
INS-2022-0231,101-P-005A,2022-04-18,VIBRATION,Naphtha product pump A (P-105A) vibration measurement taken on 2022-04-18 showed a reading of 2.98 mm/s. The inspection was conducted as part of the vibration check for the lube seal. No visible abnormalities were observed on the pump casing or seal area during the inspection.,,,0.55,LOW,No action,2022-07-18
INS-2022-0232,101-P-002B,2022-04-19,VIBRATION,Desalter water pump B (P-102B) was inspected for vibration on 2022-04-19. The vibration reading recorded was 1.84 mm/s. No abnormalities were observed during the inspection. The pump is operating within expected vibration parameters.,,,2.35,LOW,No action,2022-07-19
INS-2022-0233,101-P-003A,2022-04-19,VIBRATION,Overhead reflux pump A (P-103A) was inspected for vibration on 2022-04-19. The vibration reading recorded was 2.91 mm/s. The pump is operating in the column overhead reflux service. Previous maintenance included a vibration check and lubrication seal inspection.,,,0.56,LOW,No action,2022-07-19
INS-2022-0234,101-P-005B,2022-04-19,VIBRATION,Naphtha product pump B (P-105B) was inspected for vibration on 2022-04-19 during naphtha rundown service. Vibration reading recorded at 2.89 mm/s. Visual inspection showed no abnormalities in the pump casing or mounting. Lubrication seal area appeared intact with no signs of leakage.,,,2.41,LOW,No action,2022-07-19
INS-2022-0235,101-P-006A,2022-04-19,VIBRATION,Diesel product pump A (P-106A) was inspected for vibration on 2022-04-19 during diesel rundown service. Vibration amplitude measured 1.86 mm/s. No abnormalities noted in the vibration signature. Equipment operating within expected parameters.,,,0.56,LOW,No action,2022-07-19
INS-2022-0236,101-P-003B,2022-04-20,VIBRATION,The overhead reflux pump B (P-103B) serving the column overhead reflux was inspected for vibration on 2022-04-20. Vibration readings recorded were 2.11 mm/s. The pump showed no visible signs of abnormal wear or damage during the inspection. The most recent work order referenced lubrication seal inspection and vibration check.,,,2.26,LOW,No action,2022-07-20
INS-2022-0237,101-P-004A,2022-04-20,VIBRATION,Atmospheric residue bottoms pump A (P-104A) was inspected for vibration on 2022-04-20. The vibration reading recorded was 3.36 mm/s. The pump is in column bottoms service as per drawing 101-P-004A. The most recent work order involved a vibration check and lubrication seal inspection.,,,0.6,LOW,No action,2022-07-20
INS-2022-0238,101-P-006B,2022-04-20,VIBRATION,Diesel product pump B (P-106B) was inspected on 2022-04-20 for vibration levels during diesel rundown service. The vibration reading recorded was 3.36 mm/s. No abnormal vibration patterns were observed at the time of inspection. The pump was operating within expected parameters.,,,2.35,LOW,No action,2022-07-20
INS-2022-0239,101-P-001A,2022-05-01,VIBRATION,Crude charge pump A (P-101A) was inspected for vibration on 2022-05-01. Vibration velocity measured 2.67 mm/s. The pump is in crude charge service to the heater. Previous work order involved vibration check and lubrication seal inspection.,,,2.59,LOW,No action,2022-07-31
INS-2022-0240,101-C-001,2022-05-09,UT_THICKNESS,"The atmospheric distillation column C-101, used for crude fractionation, was inspected using ultrasonic thickness measurement on 2022-05-09. The minimum wall thickness recorded was 13.84 mm. No anomalies or deviations from expected thickness values were observed during the inspection.",,13.84,,LOW,No action,2023-05-09
INS-2022-0241,101-D-001,2022-05-10,UT_THICKNESS,The overhead reflux drum (D-101) was inspected using ultrasonic thickness measurement on 2022-05-10. The minimum wall thickness recorded was 11.85 mm. The equipment is in overhead accumulator service as per drawing 101-D-001. The inspection was conducted in conjunction with external inspection and lube condition assessment.,,11.85,,LOW,No action,2023-05-10
INS-2022-0242,101-E-001,2022-05-11,UT_THICKNESS,Ultrasonic thickness inspection of crude/atmospheric residue preheat exchanger #1 (E-101) hot end conducted on 2022-05-11 showed a minimum wall thickness of 6.12 mm. No visible external damage or corrosion was observed on the exchanger shell or tubesheet during the inspection. The equipment was in crude preheat service at the time of inspection.,,6.12,,LOW,No action,2023-05-11
INS-2022-0243,101-E-010,2022-05-11,UT_THICKNESS,Ultrasonic thickness inspection of kerosene stripper reboiler (E-110) conducted on 2022-05-11 revealed a minimum wall thickness of 5.29 mm. The inspection was performed in accordance with drawing 101-E-010. No visible external damage or corrosion was observed during the examination.,,5.29,,MEDIUM,"Monitor, re-UT in 12 months",2023-05-11
INS-2022-0244,101-V-001,2022-05-11,UT_THICKNESS,Ultrasonic thickness inspection performed on electrostatic desalter V-101 on 2022-05-11 revealed a minimum wall thickness of 10.41 mm. The equipment is in crude desalting service as per drawing 101-V-001. No visible external damage or corrosion was observed at the inspection locations.,,10.41,,MEDIUM,"Monitor, re-UT in 12 months",2023-05-11
INS-2022-0245,103-D-012,2022-05-11,UT_THICKNESS,"The kerosene stripper (D-102, drawing 103-D-012) was inspected using ultrasonic thickness measurement on 2022-05-11. The minimum wall thickness recorded was 11.9 mm. The equipment is in kerosene stripping service. The inspection was conducted following the recent external inspection related to lube condition.",,11.9,,LOW,No action,2023-05-11
INS-2022-0246,101-D-003,2022-05-12,UT_THICKNESS,Ultrasonic thickness measurement performed on Diesel Stripper D-103 (drawing 101-D-003) on 2022-05-12 indicated a minimum wall thickness of 11.84 mm. Equipment is in diesel stripping service. No abnormalities noted during inspection.,,11.84,,LOW,No action,2023-05-12
INS-2022-0247,101-E-002,2022-05-12,UT_THICKNESS,"Ultrasonic thickness inspection conducted on May 12, 2022, on crude/atmospheric residue preheat exchanger #2 (E-102) revealed a minimum wall thickness of 6.25 mm. The equipment is in crude preheat service as per drawing 101-E-002. No visible external damage or corrosion was noted at the time of inspection.",,6.25,,LOW,No action,2023-05-12
INS-2022-0248,101-E-011,2022-05-12,UT_THICKNESS,"The Diesel Product/Boiler Feed Water exchanger (E-111, drawing 101-E-011) was inspected on 2022-05-12 using ultrasonic thickness measurement. The minimum wall thickness recorded was 6.14 mm. The equipment is in service for diesel product cooling. No anomalies were detected during this inspection.",,6.14,,LOW,No action,2023-05-12
INS-2022-0249,101-D-004,2022-05-13,UT_THICKNESS,"The residue flash drum (D-104, drawing 101-D-004) was inspected on 2022-05-13 using ultrasonic thickness measurement. The minimum wall thickness recorded was 11.8 mm. The equipment is currently in residue flash service. The last documented work order involved an external inspection related to lube condition.",,11.8,,LOW,No action,2023-05-13
INS-2022-0250,101-E-003,2022-05-13,UT_THICKNESS,Ultrasonic thickness inspection of crude/kerosene pumparound preheat exchanger #3 (E-103) on 2022-05-13 showed a minimum wall thickness of 6.12 mm. The exchanger is in service for crude preheat and kerosene pumparound. No anomalies or deviations from expected thickness were noted during this inspection.,,6.12,,LOW,No action,2023-05-13
INS-2022-0251,101-E-012,2022-05-13,UT_THICKNESS,"The residue rundown cooler (E-112, drawing 101-E-012) was inspected on 2022-05-13 using ultrasonic thickness measurement. The minimum wall thickness recorded was 6.09 mm. The equipment is in service for atmospheric residue rundown. The most recent work order referenced external inspection of lube condition.",,6.09,,LOW,No action,2023-05-13
INS-2022-0252,101-E-004,2022-05-14,UT_THICKNESS,Ultrasonic thickness inspection of crude/diesel pumparound preheat exchanger #4 (E-104) conducted on 2022-05-14 recorded a minimum wall thickness of 6.21 mm. The equipment is operating in crude preheat and diesel pumparound service. No visible external damage or corrosion was observed on the exchanger shell during the inspection.,,6.21,,LOW,No action,2023-05-14
INS-2022-0253,101-H-001,2022-05-14,UT_THICKNESS,The crude fired heater H-101 was inspected using ultrasonic thickness measurement on 2022-05-14. The minimum wall thickness recorded was 6.3 mm. No anomalies or deviations from expected thickness values were observed during the inspection.,,6.3,,LOW,No action,2023-05-14
INS-2022-0254,101-E-015,2022-05-15,UT_THICKNESS,Ultrasonic thickness inspection of crude/AGO product preheat exchanger #5 (E-105) conducted on 2022-05-15 revealed a minimum wall thickness of 6.14 mm. The exchanger is operating in crude preheat and AGO service. No visible external damage or corrosion was observed during the inspection.,,6.14,,LOW,No action,2023-05-15
INS-2022-0255,101-E-006,2022-05-16,UT_THICKNESS,The crude/atmospheric residue preheat exchanger #6 (E-106) was inspected using ultrasonic thickness measurement on 2022-05-16. The minimum wall thickness recorded at the cold end was 6.3 mm. No visible external damage or corrosion was observed on the exchanger shell or tubes during the inspection.,,6.3,,LOW,No action,2023-05-16
INS-2022-0256,101-E-007,2022-05-17,UT_THICKNESS,Ultrasonic thickness measurement performed on overhead naphtha condenser E-107 (drawing 101-E-007) on 2022-05-17 indicated a minimum wall thickness of 6.15 mm. The equipment is in service for column overhead condensing. No visible external damage or corrosion was observed during the inspection.,,6.15,,LOW,No action,2023-05-17
INS-2022-0257,101-E-008A,2022-05-18,UT_THICKNESS,The overhead trim condenser (two-bundle) E-108 was inspected using ultrasonic thickness measurement on 2022-05-18. The minimum wall thickness recorded was 6.2 mm. The equipment is in column overhead trim service. The inspection was conducted in conjunction with an external inspection of the lube condition.,,6.2,,LOW,No action,2023-05-18
INS-2022-0258,101-E-009,2022-05-19,UT_THICKNESS,"Ultrasonic thickness inspection of Naphtha/crude interchanger (E-109, drawing 101-E-009) conducted on 2022-05-19 showed a minimum wall thickness of 6.17 mm. The equipment is in service for naphtha product and crude. No visible external damage or abnormalities were noted during the inspection.",,6.17,,LOW,No action,2023-05-19
INS-2022-0259,101-P-001B,2022-07-18,VIBRATION,Crude charge pump B (P-101B) was inspected for vibration on 2022-07-18. Vibration level recorded at 2.54 mm/s. Visual inspection showed no visible abnormalities or signs of distress on the pump casing and surrounding components. The equipment was operating under normal service conditions during the inspection.,,,0.59,LOW,No action,2022-10-17
INS-2022-0260,101-P-002A,2022-07-18,VIBRATION,Desalter water pump A (P-102A) was inspected for vibration on 2022-07-18. The vibration reading recorded was 3.39 mm/s. The pump services desalter wash water as per drawing 101-P-002A. The most recent work order referenced was for vibration check and lubrication seal inspection.,,,2.38,LOW,No action,2022-10-17
INS-2022-0261,101-P-004B,2022-07-18,VIBRATION,Atmospheric residue bottoms pump B (P-104B) was inspected for vibration on 2022-07-18. Vibration amplitude measured at 2.56 mm/s. Equipment is operating within expected vibration parameters. No abnormal noise or movement observed during inspection.,,,0.56,LOW,No action,2022-10-17
INS-2022-0262,101-P-005A,2022-07-18,VIBRATION,Naphtha product pump A (P-105A) was inspected for vibration on 2022-07-18. Vibration reading recorded at 3.04 mm/s. Equipment is in naphtha rundown service as per drawing 101-P-005A. Work order indicates recent lubrication seal inspection.,,,2.4,LOW,No action,2022-10-17
INS-2022-0263,101-P-002B,2022-07-19,VIBRATION,Desalter water pump B (P-102B) vibration measurement recorded at 2.82 mm/s on 2022-07-19. Inspection focused on lubrication seal condition as per work order VIB CHECK LUBE SEAL INSP. No abnormal vibration levels observed during the check.,,,0.59,LOW,No action,2022-10-18
INS-2022-0264,101-P-003A,2022-07-19,VIBRATION,Overhead reflux pump A (P-103A) was inspected for vibration on 2022-07-19. The vibration reading recorded was 3.32 mm/s. The inspection was conducted in conjunction with a lubrication seal check. No abnormal noise or visual defects were noted during the assessment.,,,2.5,LOW,No action,2022-10-18
INS-2022-0265,101-P-005B,2022-07-19,VIBRATION,Naphtha product pump B (P-105B) was inspected for vibration on 2022-07-19 during naphtha rundown service. Vibration level recorded at 3.31 mm/s. Visual inspection showed no visible abnormalities on the pump casing or mounting. The lubrication seal area appeared intact with no signs of leakage.,,,0.54,LOW,No action,2022-10-18
INS-2022-0266,101-P-006A,2022-07-19,VIBRATION,Diesel product pump A (P-106A) vibration measurement taken on 2022-07-19 during diesel rundown service recorded a vibration level of 3.0 mm/s. Equipment condition appears stable with no abnormal vibration detected at the time of inspection. Previous work order noted vibration check and lubrication seal inspection.,,,2.36,LOW,No action,2022-10-18
INS-2022-0267,101-P-003B,2022-07-20,VIBRATION,Overhead reflux pump B (P-103B) was inspected for vibration on 2022-07-20. Vibration level recorded at 1.88 mm/s. Equipment was operating in column overhead reflux service. No abnormal vibration detected.,,,0.56,LOW,No action,2022-10-19
INS-2022-0268,101-P-004A,2022-07-20,VIBRATION,Atmospheric residue bottoms pump A (P-104A) vibration measured at 3.04 mm/s during inspection on 2022-07-20. Vibration levels are within expected operational parameters. Equipment is operating under column bottoms service as per drawing 101-P-004A. Recent maintenance included lubrication seal inspection as per work order VIB CHECK LUBE SEAL INSP.,,,2.33,LOW,No action,2022-10-19
INS-2022-0269,101-P-006B,2022-07-20,VIBRATION,Diesel product pump B (P-106B) was inspected for vibration on 2022-07-20 during diesel rundown service. Vibration levels measured at 2.7 mm/s. No abnormal vibration trends were observed at the time of inspection.,,,0.55,LOW,No action,2022-10-19
INS-2022-0270,101-P-001A,2022-07-31,VIBRATION,Crude charge pump A (P-101A) was inspected for vibration on 2022-07-31. The vibration reading recorded was 4.41 mm/s. The unit is in crude charge service to the heater. Previous maintenance included a vibration check and lube seal inspection.,,,4.32,MEDIUM,Increase monitoring frequency,2022-10-30
INS-2022-0271,101-P-001B,2022-10-17,VIBRATION,"Crude charge pump B (P-101B) vibration inspection conducted on 2022-10-17 showed a vibration level of 2.39 mm/s. The equipment is operating within expected parameters for crude charge service to the heater. No abnormal vibration patterns were observed during the inspection. The pump was last serviced under work order titled ""VIB CHECK LUBE SEAL INSP.""",,,0.53,LOW,No action,2023-01-16
INS-2022-0272,101-P-002A,2022-10-17,VIBRATION,Desalter water pump A (P-102A) was inspected for vibration on 2022-10-17. Vibration reading recorded at 3.21 mm/s. The inspection was conducted in relation to the lube seal condition as per work order VIB CHECK LUBE SEAL INSP. No visual abnormalities were noted during the inspection.,,,0.57,LOW,No action,2023-01-16
INS-2022-0273,101-P-004B,2022-10-17,VIBRATION,Atmospheric residue bottoms pump B (P-104B) was inspected for vibration on 2022-10-17. Vibration amplitude measured at 2.74 mm/s. Equipment is operating within expected vibration parameters. No abnormal noise or movement observed during inspection.,,,2.51,LOW,No action,2023-01-16
INS-2022-0274,101-P-005A,2022-10-17,VIBRATION,Naphtha product pump A (P-105A) was inspected for vibration on 2022-10-17. Vibration reading recorded at 2.49 mm/s. The pump is in naphtha rundown service. Previous work order referenced lubrication seal inspection.,,,0.59,LOW,No action,2023-01-16
INS-2022-0275,101-P-002B,2022-10-18,VIBRATION,Desalter water pump B (P-102B) vibration inspection conducted on 2022-10-18 showed a vibration level of 1.82 mm/s. The equipment is operating within expected parameters during the vibration check of the lube seal. No abnormal vibration patterns were observed at the time of inspection.,,,2.27,LOW,No action,2023-01-17
INS-2022-0276,101-P-003A,2022-10-18,VIBRATION,Overhead reflux pump A (P-103A) was inspected for vibration on 2022-10-18. The vibration reading recorded was 2.32 mm/s. The inspection included a lubrication seal check as noted in the recent work order. No abnormal noise or visible damage was observed during the inspection.,,,0.56,LOW,No action,2023-01-17
INS-2022-0277,101-P-005B,2022-10-18,VIBRATION,Naphtha product pump B (P-105B) was inspected for vibration on 2022-10-18. Vibration level measured 1.81 mm/s. Equipment appeared to be operating within normal parameters with no abnormal vibration detected.,,,2.37,LOW,No action,2023-01-17
INS-2022-0278,101-P-006A,2022-10-18,VIBRATION,Diesel product pump A (P-106A) was inspected for vibration on 2022-10-18. Vibration reading recorded at 1.96 mm/s. Equipment appeared to be operating within expected parameters during diesel rundown service. No abnormal noise or movement observed.,,,0.55,LOW,No action,2023-01-17
INS-2022-0279,101-P-003B,2022-10-19,VIBRATION,Overhead reflux pump B (P-103B) was inspected for vibration on 2022-10-19. Vibration amplitude measured at 1.81 mm/s. Equipment is in column overhead reflux service. Work order indicates recent vibration check and lubrication seal inspection.,,,2.38,LOW,No action,2023-01-18
INS-2022-0280,101-P-004A,2022-10-19,VIBRATION,Atmospheric residue bottoms pump A (P-104A) was inspected for vibration on 2022-10-19. Vibration amplitude measured 3.0 mm/s. The pump is in column bottoms service. Previous maintenance included a vibration check and lubrication seal inspection.,,,0.57,LOW,No action,2023-01-18
INS-2022-0281,101-P-006B,2022-10-19,VIBRATION,Diesel product pump B (P-106B) operating in diesel rundown service was inspected for vibration on 2022-10-19. Vibration measurement recorded at 1.7 mm/s. No abnormalities observed in the lubrication seal area during the inspection.,,,2.38,LOW,No action,2023-01-18
INS-2022-0282,101-P-001A,2022-10-30,VIBRATION,Crude charge pump A (P-101A) was inspected for vibration on 2022-10-30. The vibration reading recorded was 6.08 mm/s. The pump is in service for crude charge to heater. Previous maintenance included a vibration check and lube seal inspection.,,,6.15,HIGH,Replace bearings,2023-01-29
INS-2023-0283,101-P-001B,2023-01-16,VIBRATION,Crude charge pump B (P-101B) was inspected for vibration on 2023-01-16. Vibration reading recorded at 1.64 mm/s. No abnormal vibration levels observed during inspection. Equipment operating within expected parameters for crude charge to heater service.,,,0.56,LOW,No action,2023-04-17
INS-2023-0284,101-P-002A,2023-01-16,VIBRATION,Desalter water pump A (P-102A) was inspected for vibration on 2023-01-16. Vibration reading recorded at 2.95 mm/s. Inspection focused on lubrication seal condition as per work order VIB CHECK LUBE SEAL INSP. No visible leaks or abnormalities observed during inspection.,,,2.34,LOW,No action,2023-04-17
INS-2023-0285,101-P-004B,2023-01-16,VIBRATION,Atmospheric residue bottoms pump B (P-104B) was inspected for vibration on 2023-01-16. Vibration amplitude measured at 2.12 mm/s. Equipment is operating within expected parameters. No abnormal vibration detected during this inspection.,,,0.54,LOW,No action,2023-04-17
INS-2023-0286,101-P-005A,2023-01-16,VIBRATION,"On 2023-01-16, vibration measurement on Naphtha product pump A (P-105A) in naphtha rundown service recorded a vibration level of 2.68 mm/s. The inspection was conducted as part of a vibration check and lube seal inspection. No visible abnormalities or leaks were observed at the seal during the inspection.",,,2.42,LOW,No action,2023-04-17
INS-2023-0287,101-P-002B,2023-01-17,VIBRATION,Desalter water pump B (P-102B) vibration measured at 2.51 mm/s on 2023-01-17. Vibration levels are within expected operating range. Equipment observed in normal condition during inspection. No abnormal noise or movement detected.,,,0.53,LOW,No action,2023-04-18
INS-2023-0288,101-P-003A,2023-01-17,VIBRATION,Overhead reflux pump A (P-103A) was inspected for vibration on 2023-01-17. The vibration reading recorded was 3.96 mm/s. The pump is in column overhead reflux service. Previous work order noted lubrication seal inspection.,,,4.08,MEDIUM,Increase monitoring frequency,2023-04-18
INS-2023-0289,101-P-005B,2023-01-17,VIBRATION,Naphtha product pump B (P-105B) was inspected for vibration on 2023-01-17 during naphtha rundown service. Vibration reading recorded at 3.13 mm/s. Equipment appeared stable with no abnormal noise or movement observed. Previous work order noted as vibration check and lube seal inspection.,,,0.52,LOW,No action,2023-04-18
INS-2023-0290,101-P-006A,2023-01-17,VIBRATION,"Diesel product pump A (P-106A) was inspected for vibration on 2023-01-17. The vibration reading recorded was 3.24 mm/s. The inspection focused on the lubrication seal area as per the recent work order ""VIB CHECK LUBE SEAL INSP."" No abnormalities were noted during the visual examination.",,,2.55,LOW,No action,2023-04-18
INS-2023-0291,101-P-003B,2023-01-18,VIBRATION,Overhead reflux pump B (P-103B) was inspected for vibration on 2023-01-18. Vibration reading measured 1.64 mm/s. Equipment observed in normal operating condition with no abnormal noise or movement detected. Lubrication seal area showed no signs of leakage or wear.,,,0.56,LOW,No action,2023-04-19
INS-2023-0292,101-P-004A,2023-01-18,VIBRATION,Atmospheric residue bottoms pump A (P-104A) operating in column bottoms service was inspected for vibration on 2023-01-18. Vibration amplitude measured 2.76 mm/s. No abnormal vibration levels were observed during the inspection.,,,2.35,LOW,No action,2023-04-19
INS-2023-0293,101-P-006B,2023-01-18,VIBRATION,Diesel product pump B (P-106B) was inspected for vibration on 2023-01-18. The vibration reading recorded was 2.71 mm/s. No abnormalities or deviations from baseline values were observed during the inspection. The unit was operating under diesel rundown service conditions.,,,0.56,LOW,No action,2023-04-19
INS-2023-0294,101-P-001A,2023-01-29,VIBRATION,Crude charge pump A (P-101A) was inspected for vibration on 2023-01-29. Vibration level recorded was 2.14 mm/s. The pump is in service for crude charge to heater. Previous work order involved vibration check and lube seal inspection.,,,1.95,LOW,No action,2023-04-30
INS-2023-0295,101-PSV-101,2023-03-10,PSV_TEST,The column overhead pressure safety valve (PSV-101) was inspected on 2023-03-10 as part of the PSV_TEST. The valve was visually examined in accordance with drawing 101-PSV-101. No abnormalities or damage were observed on the valve body or connections. No numeric test readings were recorded during this inspection. The most recent work order referenced was PSV POP TEST CERT.,,,,LOW,No action — certified,2027-03-01
INS-2023-0296,101-PSV-103,2023-03-10,PSV_TEST,The desalter pressure safety valve PSV-103 was inspected on 2023-03-10 as part of the PSV_POP TEST CERT. The valve appeared intact with no visible signs of damage or corrosion. No numeric readings were recorded during the inspection. The valve is installed for desalter protection as indicated on drawing 101-PSV-103.,,,,LOW,No action — certified,2027-03-01
INS-2023-0297,101-PSV-102,2023-03-11,PSV_TEST,The pressure safety valve PSV-102 on the fired heater tube was inspected on 2023-03-11 as part of the PSV_TEST. The valve showed no visible signs of damage or leakage. The PSV pop test was performed and certified according to the work order PSV POP TEST CERT. No numeric readings were recorded during the inspection.,,,,LOW,No action — certified,2027-03-01
INS-2023-0298,101-PSV-104,2023-03-11,PSV_TEST,"The reflux drum pressure safety valve (PSV-104) was inspected on 2023-03-11 as part of the PSV test. The valve was visually examined and operated during the test. No leakage or mechanical damage was observed. The valve functioned within expected parameters, with no abnormal noise or sticking noted.",,,,LOW,No action — certified,2027-03-01
INS-2023-0299,101-PSV-105,2023-03-12,PSV_TEST,The kerosene stripper pressure safety valve (PSV-105) was inspected on 2023-03-12. The PSV was tested as per the PSV_POP_TEST procedure. No abnormalities or leaks were observed during the inspection. The valve appeared to be in good condition with no visible damage.,,,,LOW,No action — certified,2027-03-01
INS-2023-0300,101-PSV-106,2023-03-13,PSV_TEST,The residue flash drum PSV (PSV-106) was inspected on 2023-03-13 as part of the PSV_TEST. The pressure safety valve was visually examined and found to be intact with no signs of leakage or damage. No numeric readings were recorded during the inspection. The valve is designated for residue flash protection service and corresponds to drawing 101-PSV-106. The most recent work order referenced is PSV POP TEST CERT.,,,,LOW,No action — certified,2027-03-01
INS-2023-0301,101-C-001,2023-03-22,INTERNAL,"Internal inspection of atmospheric distillation column C-101 revealed trays in good condition with no visible signs of corrosion, deformation, or fouling. The column internals appeared clean and intact, consistent with normal operating conditions. No leaks or damage were observed during the inspection on 2023-03-22.",,,,LOW,No action,2024-03-21
INS-2023-0302,101-D-004,2023-03-22,INTERNAL,"The internal inspection of residue flash drum D-104 was conducted on 2023-03-22. The vessel interior showed no visible signs of corrosion, pitting, or mechanical damage. The internal surfaces appeared clean following the recent maintenance activity. No deposits or fouling were observed on the drum internals.",,,,LOW,No action,2024-03-21
INS-2023-0303,101-E-003,2023-03-22,INTERNAL,Internal inspection of crude/kerosene pumparound preheat exchanger #3 (E-103) conducted on 2023-03-22 revealed a fouling level of 3.3%. Visual examination showed moderate deposits on the heat transfer surfaces consistent with slow fouling. No significant corrosion or mechanical damage was observed during the inspection.,3.3,,,LOW,No action,2024-03-21
INS-2023-0304,101-E-007,2023-03-22,INTERNAL,Internal inspection of overhead naphtha condenser E-107 revealed a fouling level of 3.7%. The condenser surfaces showed moderate deposits consistent with slow fouling. No significant corrosion or mechanical damage was observed. The unit is currently in service for column overhead condensing as per drawing 101-E-007.,3.7,,,LOW,No action,2024-03-21
INS-2023-0305,101-E-008B,2023-03-22,INTERNAL,"Internal inspection of the overhead trim condenser (E-108) revealed minimal fouling with a measured fouling percentage of 3.7%. The two-bundle unit showed no signs of corrosion or mechanical damage. Tubes appeared clean and intact, consistent with recent cleaning activities. No deposits or blockages were observed within the tube bundles.",3.7,,,LOW,No action,2024-03-21
INS-2023-0306,101-E-012,2023-03-22,INTERNAL,"Internal inspection of the Residue Rundown Cooler (E-112) on 2023-03-22 revealed fouling at 3.3%. The unit is used for atmospheric residue rundown service. The inspection was conducted following the work order for open, clean, and inspect of the run-around gas knockout.",3.3,,,LOW,No action,2024-03-21
INS-2023-0307,101-D-003,2023-03-23,INTERNAL,"Internal inspection of Diesel Stripper D-103 revealed clean internals with no visible signs of corrosion, fouling, or mechanical damage. All trays and packing were intact and properly seated. No leaks or deposits were observed within the column shell or internals. The equipment appeared to be in good condition consistent with recent cleaning activities.",,,,LOW,No action,2024-03-22
INS-2023-0308,101-E-002,2023-03-23,INTERNAL,Internal inspection of crude/atmospheric residue preheat exchanger #2 (E-102) conducted on 2023-03-23 revealed a fouling level of 2.7%. The exchanger surfaces showed early signs of deposit buildup consistent with routine operation. No significant corrosion or mechanical damage was observed during the inspection.,2.7,,,LOW,No action,2024-03-22
INS-2023-0309,101-E-006,2023-03-23,INTERNAL,Internal inspection of crude/atmospheric residue preheat exchanger #6 (E-106) on 2023-03-23 revealed a fouling level of 2.7% at the cold end. The exchanger surfaces showed minor deposits consistent with early-stage fouling. No significant corrosion or damage was observed during the inspection.,2.7,,,LOW,No action,2024-03-22
INS-2023-0310,101-E-011,2023-03-23,INTERNAL,Internal inspection of diesel product / BFW exchanger (E-111) conducted on 2023-03-23 revealed fouling at 3.5%. The exchanger surfaces showed minor deposits consistent with normal operation. No significant corrosion or mechanical damage was observed. The overall condition appears stable with typical wear patterns.,3.5,,,LOW,No action,2024-03-22
INS-2023-0311,101-E-001,2023-03-24,INTERNAL,Internal inspection of crude/atmospheric residue preheat exchanger #1 (E-101) conducted on 2023-03-24 revealed a fouling level of 2.9% on the hot end tubesheet. The exchanger surfaces showed minor deposits consistent with early-stage fouling. No significant corrosion or mechanical damage was observed during the inspection.,2.9,,,LOW,No action,2024-03-23
INS-2023-0312,101-E-009,2023-03-24,INTERNAL,Internal inspection of Naphtha/Crude Interchanger (E-109) conducted on 2023-03-24 revealed a fouling level of 2.4%. The exchanger surfaces showed minor deposits consistent with early-stage fouling. No significant corrosion or mechanical damage was observed during the examination.,2.4,,,LOW,No action,2024-03-23
INS-2023-0313,101-E-010,2023-03-24,INTERNAL,Internal inspection of kerosene stripper reboiler (E-110) on 2023-03-24 revealed fouling covering approximately 3.8% of the heat transfer surface. No significant wall loss or corrosion was observed during the inspection. The reboiler tubes appeared intact with no visible leaks or mechanical damage.,3.8,,,LOW,No action,2024-03-23
INS-2023-0314,101-E-015,2023-03-24,INTERNAL,"Internal inspection of crude/AGO product preheat exchanger #5 (E-105) on 2023-03-24 revealed a fouling percentage of 2.9%. The exchanger surfaces showed light deposits consistent with slow fouling. No significant corrosion or damage was observed during the inspection. The unit was last serviced under work order ""TA OPEN CLEAN INSPECT RGKT.""",2.9,,,LOW,No action,2024-03-23
INS-2023-0315,101-V-001,2023-03-24,INTERNAL,Internal inspection of Electrostatic Desalter V-101 revealed localized wall thinning on the vessel shell. No numeric thickness readings were recorded during the inspection. The internal surfaces showed signs of mild corrosion consistent with crude desalting service. No visible cracks or pitting were observed.,,,,LOW,No action,2024-03-23
INS-2023-0316,103-D-012,2023-03-24,INTERNAL,"Internal inspection of kerosene stripper D-102 revealed clean internals with no visible corrosion, deposits, or mechanical damage. All trays and packing were intact and properly seated. No signs of fouling or leakage were observed during the examination.",,,,LOW,No action,2024-03-23
INS-2023-0317,101-D-001,2023-03-25,INTERNAL,"Internal inspection of overhead reflux drum D-101 revealed clean and intact surfaces with no visible signs of corrosion, deposits, or mechanical damage. The vessel interior appeared free of debris and residue consistent with recent cleaning activities. No abnormalities were noted during the inspection conducted on 2023-03-25.",,,,LOW,No action,2024-03-24
INS-2023-0318,101-E-004,2023-03-25,INTERNAL,Internal inspection of crude/diesel pumparound preheat exchanger #4 (E-104) conducted on 2023-03-25 revealed a fouling level of 2.2%. The exchanger surfaces showed minor deposits consistent with early-stage fouling. No significant corrosion or mechanical damage was observed during the inspection.,2.2,,,LOW,No action,2024-03-24
INS-2023-0319,101-E-008A,2023-03-25,INTERNAL,"Internal inspection of the overhead trim condenser (two-bundle) E-108 was conducted on 2023-03-25. Visual examination revealed minor fouling on the tube surfaces, quantified at 3.3%. No signs of corrosion, pitting, or mechanical damage were observed. The bundle configuration and tube integrity appear intact and consistent with design specifications.",3.3,,,LOW,No action,2024-03-24
INS-2023-0320,101-H-001,2023-03-25,INTERNAL,"Internal inspection of crude fired heater H-101 revealed no visible signs of tube degradation, fouling, or corrosion. The heating tubes appeared clean with intact refractory lining. No leaks or mechanical damages were observed during the examination.",,,,LOW,No action,2024-03-24
INS-2023-0321,101-P-001B,2023-04-17,VIBRATION,Crude charge pump B (P-101B) was inspected for vibration on 2023-04-17. Vibration level measured at 3.09 mm/s. Equipment observed operating within normal parameters with no abnormal noise or movement detected. Lube seal area visually inspected during the vibration check.,,,2.43,LOW,No action,2023-07-17
INS-2023-0322,101-P-002A,2023-04-17,VIBRATION,Desalter water pump A (P-102A) was inspected for vibration on 2023-04-17. Vibration reading recorded at 3.2 mm/s. Previous maintenance involved replacement of mechanical seal as per work order REPL MECH SEAL. No visible leaks observed at the seal area during inspection.,,,0.57,LOW,No action,2023-07-17
INS-2023-0323,101-P-004B,2023-04-17,VIBRATION,Atmospheric residue bottoms pump B (P-104B) was inspected for vibration on 2023-04-17. Vibration level recorded at 2.92 mm/s. Equipment is operating within expected parameters. No abnormal vibration detected during inspection.,,,0.56,LOW,No action,2023-07-17
INS-2023-0324,101-P-005A,2023-04-17,VIBRATION,Naphtha product pump A (P-105A) was inspected for vibration on 2023-04-17. Vibration reading recorded at 3.28 mm/s. Inspection focused on lubrication seal condition as per work order VIB CHECK LUBE SEAL INSP. No visual abnormalities noted on external seal housing during inspection.,,,2.53,LOW,No action,2023-07-17
INS-2023-0325,101-P-002B,2023-04-18,VIBRATION,Desalter water pump B (P-102B) was inspected for vibration on 2023-04-18. The vibration reading recorded was 2.85 mm/s. The pump is in service for desalter wash water as per drawing 101-P-002B. Previous work order noted vibration check and lubrication seal inspection.,,,0.49,LOW,No action,2023-07-18
INS-2023-0326,101-P-003A,2023-04-18,VIBRATION,Overhead reflux pump A (P-103A) was inspected for vibration on 2023-04-18. The vibration reading recorded was 5.93 mm/s. The pump services the column overhead reflux as per drawing 101-P-003A. The most recent work order referenced was for vibration check and lubrication seal inspection.,,,5.84,HIGH,Replace bearings,2023-07-18
INS-2023-0327,101-P-005B,2023-04-18,VIBRATION,Naphtha product pump B (P-105B) was inspected for vibration on 2023-04-18. Vibration amplitude measured at 2.75 mm/s. No abnormalities observed during the inspection. Equipment operating within expected parameters.,,,0.52,LOW,No action,2023-07-18
INS-2023-0328,101-P-006A,2023-04-18,VIBRATION,Diesel product pump A (P-106A) was inspected for vibration on 2023-04-18. The vibration reading recorded was 2.78 mm/s. The equipment is in diesel rundown service as per drawing 101-P-006A. Previous work order involved vibration check and lubrication seal inspection.,,,2.3,LOW,No action,2023-07-18
INS-2023-0329,101-P-003B,2023-04-19,VIBRATION,Overhead reflux pump B (P-103B) was inspected for vibration on 2023-04-19. Vibration reading measured 1.7 mm/s. No abnormal vibrations detected during the assessment. Equipment appeared to be operating within expected parameters.,,,0.56,LOW,No action,2023-07-19
INS-2023-0330,101-P-004A,2023-04-19,VIBRATION,The atmospheric residue bottoms pump A (P-104A) was inspected for vibration on 2023-04-19. The vibration reading recorded was 3.0 mm/s. The pump is operating in the column bottoms service as per drawing 101-P-004A. The most recent maintenance activity noted was a vibration check and lubrication seal inspection.,,,2.35,LOW,No action,2023-07-19
INS-2023-0331,101-P-006B,2023-04-19,VIBRATION,Diesel product pump B (P-106B) was inspected for vibration on 2023-04-19 during diesel rundown service. Vibration amplitude measured 1.68 mm/s. The equipment showed stable operation with no abnormal vibration detected. Previous work order involved vibration check and lubrication seal inspection.,,,0.54,LOW,No action,2023-07-19
INS-2023-0332,101-P-001A,2023-04-30,VIBRATION,Crude charge pump A (P-101A) was inspected for vibration on 2023-04-30. Vibration reading recorded at 3.06 mm/s. Equipment is in crude charge to heater service. Previous work order involved vibration check and lube seal inspection.,,,2.51,LOW,No action,2023-07-30
INS-2023-0333,101-P-001B,2023-07-17,VIBRATION,Crude charge pump B (P-101B) was inspected for vibration on 2023-07-17. Vibration readings were recorded at 3.21 mm/s. The pump is in crude charge service to the heater. The most recent work order involved a vibration check and lubrication seal inspection.,,,2.38,LOW,No action,2023-10-16
INS-2023-0334,101-P-002A,2023-07-17,VIBRATION,Desalter water pump A (P-102A) was inspected for vibration on 2023-07-17. Vibration reading measured at 3.21 mm/s. The pump is in desalter wash water service. Recent maintenance included replacement of mechanical seal as per work order REPL MECH SEAL.,,,0.56,LOW,No action,2023-10-16
INS-2023-0335,101-P-004B,2023-07-17,VIBRATION,Atmospheric residue bottoms pump B (P-104B) was inspected for vibration on 2023-07-17. Vibration reading recorded at 1.96 mm/s. Equipment observed operating within normal parameters with no abnormal noise or movement detected. Lube seal condition appeared intact during inspection.,,,2.25,LOW,No action,2023-10-16
INS-2023-0336,101-P-005A,2023-07-17,VIBRATION,Naphtha product pump A (P-105A) operating in naphtha rundown service was inspected for vibration on 2023-07-17. Vibration reading recorded at 1.82 mm/s. The equipment corresponds to drawing 101-P-005A. Recent maintenance involved vibration check and lubrication seal inspection.,,,0.52,LOW,No action,2023-10-16
INS-2023-0337,101-P-002B,2023-07-18,VIBRATION,Desalter water pump B (P-102B) vibration inspection conducted on 2023-07-18 showed a vibration level of 2.65 mm/s. The equipment is operating within normal vibration parameters. No abnormal vibration signatures were detected during the assessment.,,,2.32,LOW,No action,2023-10-17
INS-2023-0338,101-P-003A,2023-07-18,VIBRATION,Overhead reflux pump A (P-103A) was inspected for vibration on 2023-07-18. The vibration reading recorded was 7.67 mm/s. The inspection was conducted in conjunction with a lubrication seal check as per the latest work order. No visible abnormalities were noted on the pump housing or mounting during the inspection.,,,5.9,HIGH,Replace bearings,2023-10-17
INS-2023-0339,101-P-005B,2023-07-18,VIBRATION,Naphtha product pump B (P-105B) was inspected for vibration on 2023-07-18 during naphtha rundown service. Vibration level measured at 1.82 mm/s. No abnormal vibration patterns observed at the time of inspection.,,,2.42,LOW,No action,2023-10-17
INS-2023-0340,101-P-006A,2023-07-18,VIBRATION,Diesel product pump A (P-106A) was inspected for vibration on 2023-07-18. Vibration reading recorded at 1.67 mm/s. No abnormal vibration levels observed during the inspection. Equipment appeared to be operating within normal parameters.,,,0.54,LOW,No action,2023-10-17
INS-2023-0341,101-P-003B,2023-07-19,VIBRATION,Overhead reflux pump B (P-103B) was inspected for vibration on 2023-07-19. Vibration amplitude measured 1.91 mm/s. The pump is in column overhead reflux service. Previous work order involved vibration check and lubrication seal inspection.,,,0.53,LOW,No action,2023-10-18
INS-2023-0342,101-P-004A,2023-07-19,VIBRATION,Atmospheric residue bottoms pump A (P-104A) was inspected for vibration on 2023-07-19. Vibration reading recorded at 1.84 mm/s. Equipment operating in column bottoms service as per drawing 101-P-004A. Previous maintenance involved lubrication seal inspection.,,,0.57,LOW,No action,2023-10-18
INS-2023-0343,101-P-006B,2023-07-19,VIBRATION,Diesel product pump B (P-106B) was inspected for vibration on 2023-07-19 during diesel rundown service. Vibration amplitude measured at 3.19 mm/s. No abnormal noise or visible signs of distress were observed at the time of inspection.,,,2.46,LOW,No action,2023-10-18
INS-2023-0344,101-P-001A,2023-07-30,VIBRATION,Crude charge pump A (P-101A) was inspected for vibration on 2023-07-30. Vibration reading recorded at 3.14 mm/s. Equipment is in crude charge to heater service. Previous work order noted as vibration check and lube seal inspection.,,,0.57,LOW,No action,2023-10-29
INS-2023-0345,101-P-001B,2023-10-16,VIBRATION,Crude charge pump B (P-101B) was inspected for vibration on 2023-10-16. Vibration level recorded at 1.85 mm/s. Equipment observed operating within normal parameters with no abnormal noise or movement detected.,,,0.56,LOW,No action,2024-01-15
INS-2023-0346,101-P-002A,2023-10-16,VIBRATION,Desalter water pump A (P-102A) vibration measured at 2.53 mm/s during inspection on 2023-10-16. Vibration levels recorded at the seal area indicate consistent operation within observed parameters. No abnormal noise or movement detected at the time of inspection. Previous maintenance included lubrication seal inspection as per work order.,,,2.38,LOW,No action,2024-01-15
INS-2023-0347,101-P-004B,2023-10-16,VIBRATION,Atmospheric residue bottoms pump B (P-104B) operating in column bottoms service was inspected for vibration on 2023-10-16. Vibration readings recorded at 2.85 mm/s. No abnormal vibration levels detected during the inspection. Previous work order involved vibration check and lubrication seal inspection.,,,0.55,LOW,No action,2024-01-15
INS-2023-0348,101-P-005A,2023-10-16,VIBRATION,Naphtha product pump A (P-105A) was inspected for vibration on 2023-10-16. Vibration reading recorded at 1.81 mm/s. The pump is in naphtha rundown service. Previous maintenance included mechanical seal replacement.,,,2.38,LOW,No action,2024-01-15
INS-2023-0349,101-P-002B,2023-10-17,VIBRATION,Desalter water pump B (P-102B) vibration measurement recorded at 1.96 mm/s on 2023-10-17. Equipment operating within expected vibration range. No abnormal vibration levels detected during inspection.,,,0.58,LOW,No action,2024-01-16
INS-2023-0350,101-P-003A,2023-10-17,VIBRATION,Overhead reflux pump A (P-103A) was inspected for vibration on 2023-10-17. The vibration reading recorded was 2.6 mm/s. The pump is in service for column overhead reflux as per drawing 101-P-003A. The most recent work order referenced a vibration check and lubrication seal inspection.,,,2.5,LOW,No action,2024-01-16
INS-2023-0351,101-P-005B,2023-10-17,VIBRATION,Naphtha product pump B (P-105B) was inspected on 2023-10-17 for vibration levels. The measured vibration was 2.66 mm/s. The equipment is in naphtha rundown service. The most recent work order involved vibration check and lubrication seal inspection.,,,0.55,LOW,No action,2024-01-16
INS-2023-0352,101-P-006A,2023-10-17,VIBRATION,Diesel product pump A (P-106A) was inspected for vibration on 2023-10-17. The vibration reading recorded was 1.61 mm/s. The equipment is in diesel rundown service as per drawing 101-P-006A. Previous work order involved vibration check and lubrication seal inspection.,,,2.32,LOW,No action,2024-01-16
INS-2023-0353,101-P-003B,2023-10-18,VIBRATION,Overhead reflux pump B (P-103B) was inspected for vibration on 2023-10-18. Measured vibration level was 1.7 mm/s. The pump is in column overhead reflux service. Previous work order involved lubrication seal inspection.,,,0.56,LOW,No action,2024-01-17
INS-2023-0354,101-P-004A,2023-10-18,VIBRATION,Atmospheric residue bottoms pump A (P-104A) was inspected for vibration on 2023-10-18. Vibration readings recorded at the pump bearing were 2.56 mm/s. The equipment was operating under column bottoms service during the inspection. The previous work order involved vibration check and lubrication seal inspection.,,,2.35,LOW,No action,2024-01-17
INS-2023-0355,101-P-006B,2023-10-18,VIBRATION,Diesel product pump B (P-106B) operating in diesel rundown service was inspected for vibration on 2023-10-18. Vibration measurement recorded at 2.88 mm/s. No abnormal noise or visual defects observed during inspection.,,,0.57,LOW,No action,2024-01-17
INS-2023-0356,101-P-001A,2023-10-29,VIBRATION,Crude charge pump A (P-101A) was inspected for vibration on 2023-10-29. Vibration velocity measured 2.41 mm/s. The pump is in crude charge service to the heater. Recent maintenance included a vibration check and lube seal inspection.,,,2.57,LOW,No action,2024-01-28
INS-2023-0357,101-C-001,2023-11-08,UT_THICKNESS,The atmospheric distillation column C-101 was inspected using ultrasonic thickness measurement on 2023-11-08. The minimum wall thickness recorded was 13.92 mm. The inspection was conducted following the recent turn-around internal tray inspection. No anomalies or irregularities were observed in the measured thickness values.,,13.92,,LOW,No action,2024-11-07
INS-2023-0358,101-D-001,2023-11-09,UT_THICKNESS,The overhead reflux drum (D-101) was inspected using ultrasonic thickness measurement on 2023-11-09. The minimum wall thickness recorded was 11.81 mm. The equipment is currently in service as an overhead accumulator. The most recent work order indicates an internal inspection and cleaning was performed.,,11.81,,LOW,No action,2024-11-08
INS-2023-0359,101-E-001,2023-11-10,UT_THICKNESS,Ultrasonic thickness inspection of crude/atmospheric residue preheat exchanger #1 (E-101) hot end conducted on 2023-11-10 recorded a minimum wall thickness of 6.12 mm. The measurement indicates the current state of the exchanger's pressure boundary. The unit was previously subjected to turnaround open cleaning and inspection as per the latest work order. No anomalies or deviations from expected thickness profiles were observed during the inspection.,,6.12,,LOW,No action,2024-11-09
INS-2023-0360,101-E-010,2023-11-10,UT_THICKNESS,Ultrasonic thickness inspection performed on kerosene stripper reboiler (E-110) on 2023-11-10. Minimum wall thickness measured at 5.08 mm. No visible external corrosion or damage observed on the inspected surfaces. Equipment is in kerosene reboil service as per drawing 101-E-010.,,5.08,,MEDIUM,"Monitor, re-UT in 12 months",2024-11-09
INS-2023-0361,101-V-001,2023-11-10,UT_THICKNESS,Ultrasonic thickness inspection performed on electrostatic desalter V-101 on 2023-11-10 recorded a minimum wall thickness of 10.05 mm. The equipment is in crude desalting service. Previous maintenance included internal cleaning as per work order TA INTERNAL INSP CLEAN. No visible external corrosion or damage noted at inspection time.,,10.05,,MEDIUM,"Monitor, re-UT in 12 months",2024-11-09
INS-2023-0362,103-D-012,2023-11-10,UT_THICKNESS,The kerosene stripper D-102 was inspected using ultrasonic thickness measurement on 2023-11-10. The minimum wall thickness recorded was 11.81 mm. The equipment is currently in kerosene stripping service. The last recorded maintenance activity was an internal inspection and cleaning as per work order TA INTERNAL INSP CLEAN.,,11.81,,LOW,No action,2024-11-09
INS-2023-0363,101-D-003,2023-11-11,UT_THICKNESS,Ultrasonic thickness measurement was performed on Diesel Stripper D-103 (drawing 101-D-003) on 2023-11-11. The minimum wall thickness recorded was 11.9 mm. The equipment is in diesel stripping service. The most recent work order involved internal inspection and cleaning.,,11.9,,LOW,No action,2024-11-10
INS-2023-0364,101-E-002,2023-11-11,UT_THICKNESS,"Ultrasonic thickness inspection conducted on 2023-11-11 on crude/atmospheric residue preheat exchanger #2 (E-102) revealed a minimum wall thickness of 6.17 mm. The equipment is in crude preheat service. Previous maintenance included a turnaround with open, clean, and inspect of the reflux gas knockout drum.",,6.17,,LOW,No action,2024-11-10
INS-2023-0365,101-E-011,2023-11-11,UT_THICKNESS,"The Diesel Product / BFW exchanger (E-111, drawing 101-E-011) was inspected on 2023-11-11 using ultrasonic thickness measurement. The minimum wall thickness recorded was 6.2 mm. The exchanger is in service for diesel product cooling. The most recent work order involved opening, cleaning, and inspecting the rack.",,6.2,,LOW,No action,2024-11-10
INS-2023-0366,101-D-004,2023-11-12,UT_THICKNESS,"The residue flash drum (D-104, drawing 101-D-004) was inspected using ultrasonic thickness (UT) measurement on 2023-11-12. The minimum wall thickness recorded was 11.8 mm. The equipment is in residue flash service. The most recent work order involved internal inspection and cleaning.",,11.8,,LOW,No action,2024-11-11
INS-2023-0367,101-E-003,2023-11-12,UT_THICKNESS,"Ultrasonic thickness inspection conducted on 2023-11-12 on crude/kerosene pumparound preheat exchanger #3 (E-103) revealed a minimum wall thickness of 6.26 mm. The equipment is in crude preheat/kerosene pumparound service. Previous maintenance included tube bundle opening, cleaning, and inspection as per work order.",,6.26,,LOW,No action,2024-11-11
INS-2023-0368,101-E-012,2023-11-12,UT_THICKNESS,"The residue rundown cooler (E-112, drawing 101-E-012) was inspected using ultrasonic thickness measurement on 2023-11-12. The minimum wall thickness recorded was 6.14 mm. The equipment is used in atmospheric residue rundown service. The most recent work order involved opening, cleaning, and inspecting the gasket.",,6.14,,LOW,No action,2024-11-11
INS-2023-0369,101-E-004,2023-11-13,UT_THICKNESS,Ultrasonic thickness measurement conducted on 2023-11-13 at crude/diesel pumparound preheat exchanger #4 (E-104) revealed a minimum wall thickness of 6.19 mm. The inspection was performed following the recent turnaround work order for open cleaning and inspection of the exchanger. No immediate abnormalities or deviations from expected thickness profiles were observed during the measurement.,,6.19,,LOW,No action,2024-11-12
INS-2023-0370,101-H-001,2023-11-13,UT_THICKNESS,The crude fired heater H-101 was inspected using ultrasonic thickness measurement on 2023-11-13. The minimum wall thickness recorded was 6.23 mm. The inspection was conducted in accordance with the TA HEATER TUBE INSP work order. No visible external damage or corrosion was observed on the heater tubes.,,6.23,,LOW,No action,2024-11-12
INS-2023-0371,101-E-015,2023-11-14,UT_THICKNESS,"Ultrasonic thickness inspection performed on crude/AGO product preheat exchanger #5 (E-105) on 2023-11-14 indicated a minimum wall thickness of 6.23 mm. The equipment was in crude preheat/AGO service at the time of inspection. Previous maintenance included a turnaround with open, clean, and inspect activities on the reflux kettle.",,6.23,,LOW,No action,2024-11-13
INS-2023-0372,101-E-006,2023-11-15,UT_THICKNESS,"On 2023-11-15, ultrasonic thickness measurements were conducted on the crude preheat exchanger E-106 (drawing 101-E-006), specifically at the cold end. The minimum wall thickness recorded was 6.12 mm. The equipment is noted for fast fouling tendencies. The most recent maintenance activity involved a turnaround with opening, cleaning, and inspection of the reactor.",,6.12,,LOW,No action,2024-11-14
INS-2023-0373,101-E-007,2023-11-16,UT_THICKNESS,Ultrasonic thickness measurement performed on overhead naphtha condenser E-107 on 2023-11-16 indicates a minimum wall thickness of 6.19 mm. The inspection was conducted in the column overhead condensing service area. Previous maintenance involved a turnaround open clean and inspection of the reflux kettle. No visible external damage or corrosion was observed at the time of inspection.,,6.19,,LOW,No action,2024-11-15
INS-2023-0374,101-E-008A,2023-11-17,UT_THICKNESS,"The overhead trim condenser (two-bundle) E-108 was inspected using ultrasonic thickness testing on 2023-11-17. The minimum wall thickness measured was 6.25 mm. The unit is associated with the column overhead trim service. Recent maintenance included a turnaround with opening, cleaning, and inspection of the reflux gas knockout drum.",,6.25,,LOW,No action,2024-11-16
INS-2023-0375,101-E-009,2023-11-18,UT_THICKNESS,"Ultrasonic thickness inspection of Naphtha/Crude Interchanger E-109 (drawing 101-E-009) conducted on 2023-11-18 recorded a minimum wall thickness of 6.12 mm. The equipment is in naphtha product/crude service. Previous maintenance included a turnaround with opening, cleaning, and inspection of the reflux gas knockout drum.",,6.12,,LOW,No action,2024-11-17
INS-2024-0376,101-P-001B,2024-01-15,VIBRATION,Crude charge pump B (P-101B) was inspected for vibration on 2024-01-15. The vibration reading recorded was 2.6 mm/s. Visual inspection showed no abnormalities in the pump casing or mounting. The lubrication seal area appeared clean with no signs of leakage.,,,0.53,LOW,No action,2024-04-15
INS-2024-0377,101-P-002A,2024-01-15,VIBRATION,Desalter water pump A (P-102A) vibration measurement recorded at 2.17 mm/s during inspection on 2024-01-15. Vibration levels were within operational parameters as per drawing 101-P-002A. The pump services desalter wash water. Previous work order noted as VIB CHECK LUBE SEAL INSP.,,,0.55,LOW,No action,2024-04-15
INS-2024-0378,101-P-004B,2024-01-15,VIBRATION,Atmospheric residue bottoms pump B (P-104B) vibration measurement taken on 2024-01-15 showed a reading of 3.15 mm/s. The pump is operating in column bottoms service. Vibration levels are within expected parameters following recent lubrication seal inspection.,,,2.32,LOW,No action,2024-04-15
INS-2024-0379,101-P-005A,2024-01-15,VIBRATION,Naphtha product pump A (P-105A) was inspected for vibration on 2024-01-15. The vibration reading recorded was 1.76 mm/s. The pump is in naphtha rundown service. Previous maintenance included replacement of the mechanical seal as per work order REPL MECH SEAL.,,,0.59,LOW,No action,2024-04-15
INS-2024-0380,101-P-002B,2024-01-16,VIBRATION,Desalter water pump B (P-102B) was inspected for vibration on 2024-01-16. Vibration level recorded at 3.05 mm/s. Equipment is operating within expected parameters for desalter wash water service. No abnormal vibration detected during the inspection.,,,2.38,LOW,No action,2024-04-16
INS-2024-0381,101-P-003A,2024-01-16,VIBRATION,Overhead reflux pump A (P-103A) was inspected for vibration on 2024-01-16. The vibration reading recorded was 2.99 mm/s. The inspection was conducted in relation to the column overhead reflux service. Previous work order noted vibration check and lubrication seal inspection.,,,0.57,LOW,No action,2024-04-16
INS-2024-0382,101-P-005B,2024-01-16,VIBRATION,Naphtha product pump B (P-105B) was inspected for vibration on 2024-01-16 during naphtha rundown service. Vibration level recorded was 2.83 mm/s. The pump showed no abnormal vibration indications at the time of inspection.,,,2.54,LOW,No action,2024-04-16
INS-2024-0383,101-P-006A,2024-01-16,VIBRATION,Diesel product pump A (P-106A) was inspected for vibration on 2024-01-16. Vibration level recorded at 1.69 mm/s. No abnormal vibration patterns observed during the rundown service.,,,,LOW,No action,2024-04-16
INS-2024-0384,101-P-003B,2024-01-17,VIBRATION,Overhead reflux pump B (P-103B) was inspected for vibration on 2024-01-17. Vibration level measured at 2.66 mm/s. Equipment appeared to be operating within normal parameters during inspection. No abnormal noise or movement observed.,,,2.34,LOW,No action,2024-04-17
INS-2024-0385,101-P-004A,2024-01-17,VIBRATION,Atmospheric residue bottoms pump A (P-104A) was inspected for vibration on 2024-01-17. The vibration reading recorded was 2.53 mm/s. The pump is in column bottoms service as per drawing 101-P-004A. The most recent work order involved vibration check and lubrication seal inspection.,,,0.57,LOW,No action,2024-04-17
INS-2024-0386,101-P-006B,2024-01-17,VIBRATION,The diesel product pump B (P-106B) was inspected for vibration on 2024-01-17. The vibration reading recorded was 1.91 mm/s. No abnormal vibration levels were observed during the inspection. The equipment was operating under diesel rundown service conditions.,,,2.29,LOW,No action,2024-04-17
INS-2024-0387,101-P-001A,2024-01-28,VIBRATION,Crude charge pump A (P-101A) vibration measurement recorded at 3.59 mm/s on 2024-01-28. Inspection focused on vibration levels related to lube seal condition. No visible abnormalities observed on external pump components during inspection.,,,3.55,LOW,No action,2024-04-28
INS-2024-0388,101-P-001B,2024-04-15,VIBRATION,Crude charge pump B (P-101B) was inspected for vibration on 2024-04-15. Vibration level recorded at 1.8 mm/s. No abnormal vibration detected during the inspection. Lube seal condition observed as per work order VIB CHECK LUBE SEAL INSP.,,,0.55,LOW,No action,2024-07-15
INS-2024-0389,101-P-002A,2024-04-15,VIBRATION,Desalter water pump A (P-102A) vibration inspection conducted on 2024-04-15 showed a vibration level of 2.99 mm/s. The pump is in service for desalter wash water as per drawing 101-P-002A. The most recent work order involved a vibration check and lubrication seal inspection. No abnormal vibration trends were noted at the time of inspection.,,,2.38,LOW,No action,2024-07-15
INS-2024-0390,101-P-004B,2024-04-15,VIBRATION,The atmospheric residue bottoms pump B (P-104B) was inspected on 2024-04-15. Vibration measurement recorded at 1.84 mm/s. Equipment operating in column bottoms service. Previous work order involved vibration check and lubrication seal inspection.,,,0.59,LOW,No action,2024-07-15
INS-2024-0391,101-P-005A,2024-04-15,VIBRATION,Naphtha product pump A (P-105A) was inspected for vibration on 2024-04-15. Vibration reading recorded at 2.78 mm/s. Pump is in naphtha rundown service as per drawing 101-P-005A. Work order indicates recent lubrication seal inspection.,,,,LOW,No action,2024-07-15
INS-2024-0392,101-P-002B,2024-04-16,VIBRATION,Desalter water pump B (P-102B) was inspected for vibration on 2024-04-16. The vibration reading recorded was 2.89 mm/s. The equipment is operating within expected parameters for desalter wash water service. No abnormal vibration levels were detected during the inspection.,,,0.57,LOW,No action,2024-07-16
INS-2024-0393,101-P-003A,2024-04-16,VIBRATION,Overhead reflux pump A (P-103A) was inspected for vibration on 2024-04-16. The vibration reading recorded was 3.09 mm/s. The pump is in service for column overhead reflux as per drawing 101-P-003A. The most recent related work order involved vibration check and lubrication seal inspection.,,,2.41,LOW,No action,2024-07-16
INS-2024-0394,101-P-005B,2024-04-16,VIBRATION,Naphtha product pump B (P-105B) vibration inspection conducted on 2024-04-16 showed a vibration velocity of 1.62 mm/s. The equipment was operating under naphtha rundown service conditions. No abnormal vibration patterns were observed during the inspection.,,,0.53,LOW,No action,2024-07-16
INS-2024-0395,101-P-006A,2024-04-16,VIBRATION,Diesel product pump A (P-106A) was inspected for vibration on 2024-04-16. Vibration velocity measured 2.69 mm/s. No abnormalities observed during the inspection.,,,2.43,LOW,No action,2024-07-16
INS-2024-0396,101-P-003B,2024-04-17,VIBRATION,Overhead reflux pump B (P-103B) was inspected for vibration on 2024-04-17. Vibration reading recorded at 2.83 mm/s. No abnormal vibration levels detected during the inspection. Equipment appeared to be operating within normal parameters.,,,0.54,LOW,No action,2024-07-17
INS-2024-0397,101-P-004A,2024-04-17,VIBRATION,Atmospheric residue bottoms pump A (P-104A) was inspected for vibration on 2024-04-17. The vibration reading recorded was 3.14 mm/s. The pump is in service handling column bottoms. The inspection was conducted following the recent work order for vibration check and lubrication seal inspection.,,,2.6,LOW,No action,2024-07-17
INS-2024-0398,101-P-006B,2024-04-17,VIBRATION,Diesel product pump B (P-106B) vibration inspection conducted on 2024-04-17 showed a vibration level of 1.77 mm/s. The pump was operating in diesel rundown service during the assessment. No abnormal vibration patterns were observed at the time of inspection.,,,0.61,LOW,No action,2024-07-17
INS-2024-0399,101-P-001A,2024-04-28,VIBRATION,Crude charge pump A (P-101A) was inspected for vibration on 2024-04-28. The vibration reading recorded was 5.23 mm/s. The pump is in service for crude charge to the heater. Previous maintenance included a vibration check and lubrication seal inspection.,,,5.39,MEDIUM,Increase monitoring frequency,2024-07-28
INS-2024-0400,101-P-001B,2024-07-15,VIBRATION,Crude charge pump B (P-101B) was inspected for vibration on 2024-07-15. Vibration reading recorded at 2.81 mm/s. Equipment observed operating within normal parameters. No abnormal noise or movement detected during inspection.,,,0.59,LOW,No action,2024-10-14
INS-2024-0401,101-P-002A,2024-07-15,VIBRATION,Desalter water pump A (P-102A) was inspected for vibration on 2024-07-15. Vibration reading recorded at 2.79 mm/s. Equipment is in service for desalter wash water. Previous work order noted as VIB CHECK LUBE SEAL INSP.,,,0.54,LOW,No action,2024-10-14
INS-2024-0402,101-P-004B,2024-07-15,VIBRATION,The atmospheric residue bottoms pump B (P-104B) was inspected for vibration on 2024-07-15. Vibration readings recorded were 2.71 mm/s. The pump is in column bottoms service as per drawing 101-P-004B. The most recent work order involved a vibration check and lubrication seal inspection.,,,2.48,LOW,No action,2024-10-14
INS-2024-0403,101-P-005A,2024-07-15,VIBRATION,Naphtha product pump A (P-105A) was inspected for vibration on 2024-07-15. Vibration reading recorded at 2.35 mm/s. No visible abnormalities noted on the pump casing or seal area during inspection. Equipment operating under naphtha rundown service conditions.,,,0.56,LOW,No action,2024-10-14
INS-2024-0404,101-P-002B,2024-07-16,VIBRATION,Desalter water pump B (P-102B) vibration measurement recorded at 2.93 mm/s during inspection on 2024-07-16. Equipment operating within expected vibration levels for desalter wash water service. No abnormal vibration detected at time of inspection.,,,2.47,LOW,No action,2024-10-15
INS-2024-0405,101-P-003A,2024-07-16,VIBRATION,Overhead reflux pump A (P-103A) was inspected for vibration on 2024-07-16. The vibration reading recorded was 3.11 mm/s. The equipment is in service for column overhead reflux. Previous work order involved vibration check and lubrication seal inspection.,,,2.91,LOW,No action,2024-10-15
INS-2024-0406,101-P-005B,2024-07-16,VIBRATION,Naphtha product pump B (P-105B) was inspected for vibration on 2024-07-16 during naphtha rundown service. Vibration reading recorded at 2.42 mm/s. Visual inspection showed no abnormalities in the pump housing or mounting. No signs of leakage or unusual noise were observed during operation.,,,2.4,LOW,No action,2024-10-15
INS-2024-0407,101-P-006A,2024-07-16,VIBRATION,Diesel product pump A (P-106A) was inspected for vibration on 2024-07-16. Vibration level measured at 3.04 mm/s. No abnormal noise or looseness observed during inspection. Equipment appears to be operating within expected parameters.,,,0.6,LOW,No action,2024-10-15
INS-2024-0408,101-P-003B,2024-07-17,VIBRATION,Overhead reflux pump B (P-103B) was inspected for vibration on 2024-07-17. Vibration amplitude measured 2.31 mm/s. The pump is operating within expected vibration levels. No abnormal noise or movement observed during inspection.,,,0.56,LOW,No action,2024-10-16
INS-2024-0409,101-P-004A,2024-07-17,VIBRATION,Atmospheric residue bottoms pump A (P-104A) was inspected for vibration on 2024-07-17. Vibration level recorded at the bearing housing was 2.43 mm/s. No abnormal noise or visual defects were observed during the inspection. The pump was operating under normal load conditions at the time of measurement.,,,0.55,LOW,No action,2024-10-16
INS-2024-0410,101-P-006B,2024-07-17,VIBRATION,Diesel product pump B (P-106B) was inspected for vibration on 2024-07-17 during diesel rundown service. Vibration velocity measured 1.93 mm/s. Equipment appeared to be operating within expected vibration parameters. No abnormal noise or movement observed during inspection.,,,,LOW,No action,2024-10-16
INS-2024-0411,101-P-001A,2024-07-28,VIBRATION,Crude charge pump A (P-101A) was inspected for vibration on 2024-07-28. Vibration readings recorded 7.12 mm/s. The pump is in service for crude charge to heater. Previous work order involved vibration check and lube seal inspection.,,,7.15,HIGH,Replace bearings,2024-10-27
INS-2024-0412,101-P-001B,2024-10-14,VIBRATION,Crude charge pump B (P-101B) was inspected for vibration on 2024-10-14. Vibration levels measured 2.11 mm/s. The pump is in crude charge service to the heater. No abnormal vibration readings were observed during this inspection.,,,0.54,LOW,No action,2025-01-13
INS-2024-0413,101-P-002A,2024-10-14,VIBRATION,Desalter water pump A (P-102A) was inspected for vibration on 2024-10-14. Vibration reading recorded at 2.27 mm/s. Recent work order indicates mechanical seal replacement. No visible leaks observed at the seal area during inspection.,,,2.45,LOW,No action,2025-01-13
INS-2024-0414,101-P-004B,2024-10-14,VIBRATION,The atmospheric residue bottoms pump B (P-104B) was inspected for vibration on 2024-10-14. Vibration readings measured 1.77 mm/s. The pump is operating in column bottoms service. Previous work order involved vibration check and lubrication seal inspection.,,,0.6,LOW,No action,2025-01-13
INS-2024-0415,101-P-005A,2024-10-14,VIBRATION,Naphtha product pump A (P-105A) was inspected for vibration on 2024-10-14. The vibration reading recorded was 2.99 mm/s. The pump is in naphtha rundown service as per drawing 101-P-005A. Previous work order involved vibration check and lubrication seal inspection.,,,2.33,LOW,No action,2025-01-13
INS-2024-0416,101-P-002B,2024-10-15,VIBRATION,Desalter water pump B (P-102B) was inspected for vibration on 2024-10-15. The vibration reading recorded was 1.84 mm/s. No abnormalities were observed during the inspection. The pump is operating within expected vibration limits.,,,0.53,LOW,No action,2025-01-14
INS-2024-0417,101-P-003A,2024-10-15,VIBRATION,Overhead reflux pump A (P-103A) was inspected for vibration on 2024-10-15. Vibration reading recorded at 4.78 mm/s. Inspection conducted in accordance with work order for vibration check and lubrication seal inspection. No visible abnormalities observed on external components during inspection.,,,4.79,MEDIUM,Increase monitoring frequency,2025-01-14
INS-2024-0418,101-P-005B,2024-10-15,VIBRATION,Naphtha product pump B (P-105B) was inspected for vibration on 2024-10-15 during naphtha rundown service. Vibration level recorded at 3.09 mm/s. Visual inspection showed no signs of abnormal wear or damage. Lubrication seal condition appeared intact during the check.,,,0.57,LOW,No action,2025-01-14
INS-2024-0419,101-P-006A,2024-10-15,VIBRATION,Diesel product pump A (P-106A) vibration measurement recorded at 2.03 mm/s during diesel rundown service on 2024-10-15. Vibration levels are within expected range. Previous work order involved vibration check and lubrication seal inspection.,,,2.37,LOW,No action,2025-01-14
INS-2024-0420,101-P-003B,2024-10-16,VIBRATION,Overhead reflux pump B (P-103B) was inspected for vibration on 2024-10-16. Vibration level recorded was 2.17 mm/s. No abnormal noise or visible signs of distress were observed during the inspection. The pump was operating under normal conditions at the time of measurement.,,,0.55,LOW,No action,2025-01-15
INS-2024-0421,101-P-004A,2024-10-16,VIBRATION,Atmospheric residue bottoms pump A (P-104A) was inspected for vibration on 2024-10-16. The vibration reading recorded was 2.29 mm/s. The pump is in column bottoms service as per drawing 101-P-004A. The most recent work order referenced a vibration check and lubrication seal inspection.,,,2.52,LOW,No action,2025-01-15
INS-2024-0422,101-P-006B,2024-10-16,VIBRATION,Diesel product pump B (P-106B) was inspected for vibration on 2024-10-16 during diesel rundown service. Vibration reading recorded at 3.36 mm/s. The equipment showed stable operation with no abnormal vibration levels detected. Previous work order involved vibration check and lube seal inspection.,,,,LOW,No action,2025-01-15
INS-2024-0423,101-P-001A,2024-10-27,VIBRATION,Crude charge pump A (P-101A) was inspected for vibration on 2024-10-27. The vibration reading recorded was 2.73 mm/s. The pump is in crude charge service to the heater. The most recent maintenance activity involved replacement of the bearing and coupling.,,,2.49,LOW,No action,2025-01-26
INS-2025-0424,101-P-001B,2025-01-13,VIBRATION,Crude charge pump B (P-101B) was inspected for vibration on 2025-01-13. Vibration level recorded at 2.79 mm/s. Equipment observed operating within normal parameters. No abnormal noise or movement detected during inspection.,,,2.12,LOW,No action,2025-04-14
INS-2025-0425,101-P-002A,2025-01-13,VIBRATION,Desalter water pump A (P-102A) was inspected for vibration on 2025-01-13. Vibration reading recorded at 1.77 mm/s. Recent work order indicates mechanical seal replacement. No visible leaks observed at the seal area during inspection.,,,0.53,LOW,No action,2025-04-14
INS-2025-0426,101-P-004B,2025-01-13,VIBRATION,"On 2025-01-13, the atmospheric residue bottoms pump B (P-104B) was inspected for vibration. The measured vibration level was 2.91 mm/s. The inspection was conducted in relation to the lube seal. No abnormal vibration was observed during the assessment.",,,2.33,LOW,No action,2025-04-14
INS-2025-0427,101-P-005A,2025-01-13,VIBRATION,Naphtha product pump A (P-105A) operating in naphtha rundown service was inspected for vibration on 2025-01-13. Vibration reading recorded at 2.81 mm/s. Work order indicates recent vibration check and lubrication seal inspection. No visible abnormalities observed during inspection.,,,0.57,LOW,No action,2025-04-14
INS-2025-0428,101-P-002B,2025-01-14,VIBRATION,Desalter water pump B (P-102B) was inspected for vibration on 2025-01-14. The vibration level measured was 1.82 mm/s. The pump is in service for desalter wash water. The most recent work order involved a vibration check and lubrication seal inspection.,,,2.52,LOW,No action,2025-04-15
INS-2025-0429,101-P-003A,2025-01-14,VIBRATION,Overhead reflux pump A (P-103A) was inspected for vibration on 2025-01-14. Vibration level recorded at 6.48 mm/s. Inspection included lubrication seal check as per recent work order. No abnormalities visually observed on pump housing or mounting.,,,6.56,HIGH,Replace bearings,2025-04-15
INS-2025-0430,101-P-005B,2025-01-14,VIBRATION,Naphtha product pump B (P-105B) vibration inspection conducted on 2025-01-14 showed a vibration level of 2.13 mm/s. The equipment was operating in naphtha rundown service at the time of measurement. No abnormal vibration patterns were observed during the inspection. The previous work order indicated a vibration check and lubrication seal inspection.,,,0.56,LOW,No action,2025-04-15
INS-2025-0431,101-P-006A,2025-01-14,VIBRATION,Diesel product pump A (P-106A) was inspected for vibration on 2025-01-14. Vibration level recorded at 3.13 mm/s. Visual inspection of the lube seal area showed no signs of leakage or damage. Equipment appeared to be operating within normal parameters during the inspection.,,,2.44,LOW,No action,2025-04-15
INS-2025-0432,101-P-003B,2025-01-15,VIBRATION,Overhead reflux pump B (P-103B) was inspected for vibration on 2025-01-15. Vibration velocity measured 2.51 mm/s. Equipment appeared to be operating within expected parameters during the inspection. Previous work order noted lubrication seal inspection.,,,0.53,LOW,No action,2025-04-16
INS-2025-0433,101-P-004A,2025-01-15,VIBRATION,The atmospheric residue bottoms pump A (P-104A) was inspected for vibration on 2025-01-15. The vibration reading recorded was 2.75 mm/s. The pump is operating in column bottoms service. The most recent work order involved a vibration check and lubrication seal inspection.,,,2.43,LOW,No action,2025-04-16
INS-2025-0434,101-P-006B,2025-01-15,VIBRATION,Diesel product pump B (P-106B) vibration measurement recorded at 2.43 mm/s during diesel rundown service on 2025-01-15. Vibration levels are within expected operational range. No abnormal noise or movement observed at the time of inspection. Equipment appeared stable with no visible signs of distress.,,,0.57,LOW,No action,2025-04-16
INS-2025-0435,101-P-001A,2025-01-26,VIBRATION,Crude charge pump A (P-101A) was inspected for vibration on 2025-01-26. Vibration level recorded at 2.49 mm/s. Equipment is in crude charge to heater service. Previous work order indicates bearing replacement on decoupler.,,,2.5,LOW,No action,2025-04-27
INS-2025-0436,101-P-001B,2025-04-14,VIBRATION,Crude charge pump B (P-101B) was inspected for vibration on 2025-04-14. Vibration level measured at 2.91 mm/s. No abnormalities observed during the inspection.,,,2.43,LOW,No action,2025-07-14
INS-2025-0437,101-P-002A,2025-04-14,VIBRATION,Desalter water pump A (P-102A) was inspected for vibration on 2025-04-14. The vibration reading recorded was 2.94 mm/s. The inspection was conducted as part of a vibration check on the lube seal. No visible abnormalities were noted on external components during the inspection.,,,0.56,LOW,No action,2025-07-14
INS-2025-0438,101-P-004B,2025-04-14,VIBRATION,"On 2025-04-14, vibration measurement for atmospheric residue bottoms pump B (P-104B) in column bottoms service was recorded at 1.75 mm/s. The pump showed stable vibration levels consistent with normal operating conditions. No abnormal vibration patterns were observed during the inspection.",,,2.45,LOW,No action,2025-07-14
INS-2025-0439,101-P-005A,2025-04-14,VIBRATION,Naphtha product pump A (P-105A) was inspected for vibration on 2025-04-14. Vibration reading recorded at 2.2 mm/s. The pump is in naphtha rundown service. Previous work order referenced vibration check and lubrication seal inspection.,,,0.49,LOW,No action,2025-07-14
INS-2025-0440,101-P-002B,2025-04-15,VIBRATION,Desalter water pump B (P-102B) vibration measurement recorded at 3.27 mm/s on 2025-04-15. Inspection focused on vibration levels during operation in desalter wash water service. No abnormal vibration detected relative to baseline parameters. Equipment condition appears stable based on current vibration data.,,,2.63,LOW,No action,2025-07-15
INS-2025-0441,101-P-003A,2025-04-15,VIBRATION,Overhead reflux pump A (P-103A) was inspected for vibration on 2025-04-15. The vibration reading recorded was 1.96 mm/s. The pump is in service for column overhead reflux. Previous maintenance included replacement of the bearing and decoupling components as per the latest work order.,,,2.16,LOW,No action,2025-07-15
INS-2025-0442,101-P-005B,2025-04-15,VIBRATION,Naphtha product pump B (P-105B) was inspected for vibration on 2025-04-15 during naphtha rundown service. Vibration level recorded at 2.43 mm/s. No abnormal noise or visible damage observed on the pump casing or bearings. Equipment appeared to be operating within normal vibration parameters.,,,2.4,LOW,No action,2025-07-15
INS-2025-0443,101-P-006A,2025-04-15,VIBRATION,Diesel product pump A (P-106A) was inspected for vibration on 2025-04-15. The vibration reading recorded was 1.7 mm/s. The equipment was observed in diesel rundown service condition. No abnormal vibration levels were detected during the inspection.,,,0.54,LOW,No action,2025-07-15
INS-2025-0444,101-P-003B,2025-04-16,VIBRATION,Overhead reflux pump B (P-103B) was inspected for vibration on 2025-04-16. Vibration level recorded at 3.18 mm/s. No abnormal noise or visual signs of distress observed during inspection. Equipment appeared to be operating within expected parameters.,,,0.54,LOW,No action,2025-07-16
INS-2025-0445,101-P-004A,2025-04-16,VIBRATION,Atmospheric residue bottoms pump A (P-104A) vibration measured at 2.08 mm/s during inspection on 2025-04-16. Equipment operating within expected parameters for column bottoms service. Vibration levels consistent with previous lubrication seal inspection. No abnormal vibration detected at time of inspection.,,,0.51,LOW,No action,2025-07-16
INS-2025-0446,101-P-006B,2025-04-16,VIBRATION,Diesel product pump B (P-106B) was inspected for vibration on 2025-04-16. Vibration measurement recorded at 3.01 mm/s. No abnormal noise or visual defects observed during inspection. Equipment operating within expected parameters for diesel rundown service.,,,2.42,LOW,No action,2025-07-16
INS-2025-0447,101-P-001A,2025-04-27,VIBRATION,Crude charge pump A (P-101A) was inspected for vibration on 2025-04-27. The vibration reading recorded was 2.43 mm/s. The inspection was conducted in relation to the lube seal check as per the recent work order. No abnormal noise or visible defects were observed during the inspection.,,,0.53,LOW,No action,2025-07-27
INS-2025-0448,101-C-001,2025-05-09,UT_THICKNESS,The atmospheric distillation column C-101 was inspected using ultrasonic thickness measurement on 2025-05-09. The minimum wall thickness recorded was 13.92 mm. No anomalies or deviations from expected thickness values were observed during the inspection. The equipment is in crude fractionation service as per drawing 101-C-001.,,13.92,,LOW,No action,2026-05-09
INS-2025-0449,101-D-001,2025-05-10,UT_THICKNESS,The overhead reflux drum (D-101) was inspected using ultrasonic thickness measurement on 2025-05-10. The minimum recorded wall thickness was 11.8 mm. The equipment is in the overhead accumulator service as per drawing 101-D-001. No anomalies were detected during the inspection.,,11.8,,LOW,No action,2026-05-10
INS-2025-0450,101-E-001,2025-05-11,UT_THICKNESS,The crude/atmospheric residue preheat exchanger #1 (E-101) was inspected using ultrasonic thickness measurement on 2025-05-11. The minimum wall thickness recorded at the hot end was 6.27 mm. No visible external damage or corrosion was observed on the exchanger surface. The thickness readings indicate localized thinning compared to original design specifications.,,6.27,,LOW,No action,2026-05-11
INS-2025-0451,101-E-010,2025-05-11,UT_THICKNESS,Ultrasonic thickness measurements were taken on the kerosene stripper reboiler (E-110) on 2025-05-11. The minimum wall thickness recorded was 4.61 mm. The inspection focused on the kerosene reboil service section of the equipment. No visible external damage or corrosion was observed during the examination.,,4.61,,HIGH,Replace bundle at TA-2027,2026-05-11
INS-2025-0452,101-V-001,2025-05-11,UT_THICKNESS,Ultrasonic thickness inspection performed on Electrostatic Desalter V-101 on 2025-05-11 revealed a minimum wall thickness of 9.18 mm. The inspection focused on the vessel shell as per drawing 101-V-001. No anomalies or deviations from expected thickness were recorded during this assessment.,,9.18,,MEDIUM,Repair / overlay at TA-2027,2026-05-11
INS-2025-0453,103-D-012,2025-05-11,UT_THICKNESS,Ultrasonic thickness measurement was performed on the kerosene stripper (D-102) on 2025-05-11. The minimum wall thickness recorded was 11.88 mm. No anomalies or deviations from expected thickness values were observed during the inspection.,,11.88,,LOW,No action,2026-05-11
INS-2025-0454,101-D-003,2025-05-12,UT_THICKNESS,Ultrasonic thickness measurement performed on Diesel Stripper D-103 (drawing 101-D-003) on 2025-05-12 indicates a minimum wall thickness of 11.82 mm. Equipment is in diesel stripping service. Recent external inspection focused on lube condition.,,11.82,,LOW,No action,2026-05-12
INS-2025-0455,101-E-002,2025-05-12,UT_THICKNESS,Ultrasonic thickness inspection performed on crude/atmospheric residue preheat exchanger #2 (E-102) on 2025-05-12. Minimum wall thickness recorded was 6.29 mm. Equipment is in crude preheat service. No additional anomalies observed during inspection.,,6.29,,LOW,No action,2026-05-12
INS-2025-0456,101-E-011,2025-05-12,UT_THICKNESS,"The Diesel product / BFW exchanger (E-111, drawing 101-E-011) was inspected on 2025-05-12 using ultrasonic thickness measurement. The minimum wall thickness recorded was 6.21 mm. The exchanger is in service for diesel product cooling. The inspection followed the most recent work order titled EXT INSP LUBE CONDITION.",,6.21,,LOW,No action,2026-05-12
INS-2025-0457,101-D-004,2025-05-13,UT_THICKNESS,"The residue flash drum (D-104, drawing 101-D-004) was inspected using ultrasonic thickness measurement on 2025-05-13. The minimum wall thickness recorded was 11.88 mm. No visible signs of corrosion or damage were observed on the external surface during the inspection. The equipment remains in residue flash service.",,11.88,,LOW,No action,2026-05-13
INS-2025-0458,101-E-003,2025-05-13,UT_THICKNESS,Ultrasonic thickness measurement performed on Crude/kerosene pumparound preheat exchanger #3 (E-103) on 2025-05-13 indicates a minimum wall thickness of 6.19 mm. The exchanger is operating in crude preheat and kerosene pumparound service. No visible external damage or abnormalities were observed during the inspection. The measurement suggests the presence of slow fouling affecting the heat transfer surfaces.,,6.19,,LOW,No action,2026-05-13
INS-2025-0459,101-E-012,2025-05-13,UT_THICKNESS,"The residue rundown cooler (E-112, drawing 101-E-012) in atmospheric residue rundown service was inspected using ultrasonic thickness (UT) on 2025-05-13. The minimum wall thickness recorded was 6.24 mm. The inspection was conducted following the external inspection of lube condition as per the most recent work order.",,6.24,,LOW,No action,2026-05-13
INS-2025-0460,101-E-004,2025-05-14,UT_THICKNESS,Ultrasonic thickness measurement was performed on crude/diesel pumparound preheat exchanger #4 (E-104) on 2025-05-14. The minimum wall thickness recorded was 6.26 mm. No visible external damage or corrosion was observed on the exchanger shell during inspection. The equipment is currently in crude preheat and diesel pumparound service.,,6.26,,LOW,No action,2026-05-14
INS-2025-0461,101-H-001,2025-05-14,UT_THICKNESS,"Ultrasonic thickness measurement performed on crude fired heater H-101, drawing 101-H-001, on 2025-05-14. Minimum wall thickness recorded at 6.42 mm. Equipment is in crude charge heating service. No anomalies observed during inspection.",,6.42,,LOW,No action,2026-05-14
INS-2025-0462,101-E-015,2025-05-15,UT_THICKNESS,"Ultrasonic thickness inspection performed on May 15, 2025, on crude/AGO product preheat exchanger #5 (E-105) revealed a minimum wall thickness of 6.11 mm. The inspection was conducted on the exchanger shell and tubes as per drawing 101-E-015. No anomalies or defects were visually observed during the external inspection. The equipment is currently in crude preheat and AGO service.",,6.11,,LOW,No action,2026-05-15
INS-2025-0463,101-E-006,2025-05-16,UT_THICKNESS,Ultrasonic thickness measurement performed on crude/atmospheric residue preheat exchanger #6 (E-106) cold end on 2025-05-16 indicated a minimum wall thickness of 6.15 mm. No visible external damage or corrosion was observed on the exchanger shell or tubesheet during the inspection. The equipment was noted to be in crude preheat service.,,6.15,,LOW,No action,2026-05-16
INS-2025-0464,101-E-007,2025-05-17,UT_THICKNESS,Ultrasonic thickness measurement was performed on the overhead naphtha condenser (E-107) on 2025-05-17. The minimum wall thickness recorded was 6.17 mm. The equipment is in column overhead condensing service. The inspection was conducted following the external inspection of lube condition.,,6.17,,LOW,No action,2026-05-17
INS-2025-0465,101-E-008A,2025-05-18,UT_THICKNESS,The overhead trim condenser (two-bundle) E-108 was inspected using ultrasonic thickness testing on 2025-05-18. The minimum wall thickness recorded was 6.21 mm. No anomalies or deviations from expected thickness values were observed during the inspection.,,6.21,,LOW,No action,2026-05-18
INS-2025-0466,101-E-009,2025-05-19,UT_THICKNESS,Ultrasonic thickness inspection of Naphtha/crude interchanger E-109 (drawing 101-E-009) conducted on 2025-05-19 revealed a minimum wall thickness of 6.15 mm. The equipment is in service for naphtha product and crude. No additional anomalies were observed during the inspection.,,6.15,,LOW,No action,2026-05-19
INS-2025-0467,101-P-001B,2025-07-14,VIBRATION,Crude charge pump B (P-101B) was inspected for vibration on 2025-07-14. Vibration velocity measured 2.98 mm/s. No abnormal noise or movement observed during operation. Equipment is functioning within expected parameters.,,,0.51,LOW,No action,2025-10-13
INS-2025-0468,101-P-002A,2025-07-14,VIBRATION,Desalter water pump A (P-102A) vibration measured at 2.07 mm/s during inspection on 2025-07-14. Vibration levels recorded near the lube seal area. Equipment operating in desalter wash water service as per drawing 101-P-002A. Work order indicates recent vibration check and lube seal inspection.,,,2.33,LOW,No action,2025-10-13
INS-2025-0469,101-P-004B,2025-07-14,VIBRATION,The atmospheric residue bottoms pump B (P-104B) was inspected on 2025-07-14 for vibration levels. The vibration reading recorded was 3.28 mm/s. The inspection was conducted as part of the vibration check and lubrication seal inspection. No abnormal vibration levels were observed.,,,0.53,LOW,No action,2025-10-13
INS-2025-0470,101-P-005A,2025-07-14,VIBRATION,Naphtha product pump A (P-105A) operating in naphtha rundown service exhibited vibration levels measured at 3.22 mm/s on 2025-07-14. The pump has a recent work order for mechanical seal replacement. No visible external leaks or abnormal noise were observed during the inspection.,,,2.41,LOW,No action,2025-10-13
INS-2025-0471,101-P-002B,2025-07-15,VIBRATION,Desalter water pump B (P-102B) was inspected for vibration on 2025-07-15. The vibration reading recorded was 2.32 mm/s. The pump is in desalter wash water service as per drawing 101-P-002B. Previous maintenance included a vibration check and lubrication seal inspection.,,,0.6,LOW,No action,2025-10-14
INS-2025-0472,101-P-003A,2025-07-15,VIBRATION,Overhead reflux pump A (P-103A) was inspected for vibration on 2025-07-15. The vibration reading recorded was 2.85 mm/s. The pump is in column overhead reflux service as per drawing 101-P-003A. Previous maintenance included bearing replacement and coupling work.,,,2.62,LOW,No action,2025-10-14
INS-2025-0473,101-P-005B,2025-07-15,VIBRATION,Naphtha product pump B (P-105B) was inspected for vibration on 2025-07-15 during naphtha rundown service. Vibration level recorded at 2.4 mm/s. No abnormal vibration patterns observed. Equipment appeared stable and operating within expected parameters.,,,0.54,LOW,No action,2025-10-14
INS-2025-0474,101-P-006A,2025-07-15,VIBRATION,Diesel product pump A (P-106A) was inspected for vibration on 2025-07-15. Vibration level recorded at 3.04 mm/s. Equipment is operating within expected parameters for diesel rundown service. No abnormal vibration detected during inspection.,,,2.37,LOW,No action,2025-10-14
INS-2025-0475,101-P-003B,2025-07-16,VIBRATION,Overhead reflux pump B (P-103B) was inspected for vibration on 2025-07-16. The vibration reading recorded was 3.13 mm/s. The pump is in service for column overhead reflux. Previous work order involved vibration check and lubrication seal inspection.,,,0.52,LOW,No action,2025-10-15
INS-2025-0476,101-P-004A,2025-07-16,VIBRATION,Atmospheric residue bottoms pump A (P-104A) vibration measured at 1.85 mm/s during inspection on 2025-07-16. Vibration levels are within expected parameters for column bottoms service. No abnormal noise or movement observed at the pump or motor bearings. Lubrication seal condition checked as per recent work order.,,,2.52,LOW,No action,2025-10-15
INS-2025-0477,101-P-006B,2025-07-16,VIBRATION,Diesel product pump B (P-106B) was inspected for vibration on 2025-07-16 during diesel rundown service. Vibration measurement recorded at 2.75 mm/s. No abnormal noise or visible mechanical issues observed at the time of inspection. The pump casing and mounting appeared intact with no signs of looseness.,,,0.55,LOW,No action,2025-10-15
INS-2025-0478,101-P-001A,2025-07-27,VIBRATION,Crude charge pump A (P-101A) was inspected for vibration on 2025-07-27. The vibration reading recorded was 2.7 mm/s. The pump is in service for crude charge to heater as per drawing 101-P-001A. Previous work order involved vibration check and lubrication seal inspection.,,,2.68,LOW,No action,2025-10-26
INS-2025-0479,101-PSV-102,2025-09-10,PSV_TEST,"The pressure safety valve PSV-102, installed on the fired heater tube for heater pass protection, was inspected on 2025-09-10. The PSV pop test was conducted as per work order PSV POP TEST CERT. No abnormalities or leaks were observed during the test. The valve appeared to be in proper working condition with no visible damage or corrosion.",,,,LOW,No action — certified,2027-03-01
INS-2025-0480,101-PSV-103,2025-09-10,PSV_TEST,The desalter pressure safety valve PSV-103 was inspected on 2025-09-10 as part of the PSV test. The valve was found in service for desalter protection. No numeric readings were recorded during the inspection. The valve condition appeared normal with no visible signs of damage or leakage. The most recent work order indicates a PSV pop test certification.,,,,LOW,No action — certified,2027-03-01
INS-2025-0481,101-PSV-104,2025-09-11,PSV_TEST,The pressure safety valve PSV-104 on the reflux drum was inspected on 2025-09-11 as part of the PSV_POP TEST CERT. The valve showed no visible signs of leakage or damage. Functional testing confirmed the valve operated within expected parameters. No abnormalities were detected during the inspection.,,,,LOW,No action — certified,2027-03-01
INS-2025-0482,101-PSV-105,2025-09-12,PSV_TEST,The kerosene stripper pressure safety valve (PSV-105) was inspected on 2025-09-12 as part of the PSV_POP_TEST_CERT work order. The valve was visually examined and found to be in good condition with no signs of leakage or corrosion. No numeric readings were recorded during this inspection. The valve appears to be functioning within normal parameters for kerosene stripper protection service.,,,,LOW,No action — certified,2027-03-01
INS-2025-0483,101-PSV-106,2025-09-13,PSV_TEST,The residue flash drum pressure safety valve (PSV-106) was inspected on 2025-09-13 as part of the PSV_POP TEST CERT. The valve appeared intact with no visible signs of damage or corrosion. No numeric pressure readings were recorded during this inspection. The valve is installed in residue flash protection service.,,,,LOW,No action — certified,2027-03-01
INS-2025-0484,101-PSV-101,2025-09-17,PSV_TEST,The column overhead pressure safety valve (PSV-101) was inspected on 2025-09-17 as part of the PSV test. The valve showed no visible signs of leakage or damage. The valve seat and spring appeared intact and properly seated. No numeric readings were recorded during this inspection. The PSV POP TEST CERT work order was noted as the most recent maintenance activity.,,,,LOW,No action — certified,2027-03-01
INS-2025-0485,101-P-001B,2025-10-13,VIBRATION,Crude charge pump B (P-101B) vibration inspection conducted on 2025-10-13 showed a vibration level of 1.79 mm/s. The equipment is operating within expected parameters during the crude charge to heater service. No abnormal vibration patterns were detected at the time of inspection.,,,0.57,LOW,No action,2026-01-12
INS-2025-0486,101-P-002A,2025-10-13,VIBRATION,Desalter water pump A (P-102A) was inspected for vibration on 2025-10-13. Vibration reading recorded at 3.29 mm/s. Inspection focused on lubrication seal condition as per work order VIB CHECK LUBE SEAL INSP. No visible signs of seal leakage observed during inspection.,,,0.57,LOW,No action,2026-01-12
INS-2025-0487,101-P-004B,2025-10-13,VIBRATION,"On 2025-10-13, the atmospheric residue bottoms pump B (P-104B) was inspected for vibration. The vibration level recorded was 1.85 mm/s. The pump is in column bottoms service. The most recent work order involved a vibration check and lubrication seal inspection.",,,2.45,LOW,No action,2026-01-12
INS-2025-0488,101-P-005A,2025-10-13,VIBRATION,Naphtha product pump A (P-105A) was inspected for vibration on 2025-10-13 during naphtha rundown service. Vibration reading recorded at 2.97 mm/s. No visible abnormalities noted on the pump casing or seal area. Previous work order referenced vibration check and lubrication seal inspection.,,,0.54,LOW,No action,2026-01-12
INS-2025-0489,101-P-002B,2025-10-14,VIBRATION,Desalter water pump B (P-102B) was inspected for vibration on 2025-10-14. Vibration reading recorded at 2.14 mm/s. Equipment is operating within expected parameters. No abnormal noise or visual defects observed during inspection.,,,2.37,LOW,No action,2026-01-13
INS-2025-0490,101-P-003A,2025-10-14,VIBRATION,Overhead reflux pump A (P-103A) was inspected for vibration on 2025-10-14. The vibration reading recorded was 3.15 mm/s. Visual inspection showed no visible signs of mechanical damage or oil leaks around the lube seal area. The pump was operating under normal load conditions during the measurement.,,,0.56,LOW,No action,2026-01-13
INS-2025-0491,101-P-005B,2025-10-14,VIBRATION,Naphtha product pump B (P-105B) was inspected for vibration on 2025-10-14 during naphtha rundown service. Vibration amplitude measured 2.14 mm/s. No abnormal vibration levels detected at the time of inspection.,,,,LOW,No action,2026-01-13
INS-2025-0492,101-P-006A,2025-10-14,VIBRATION,Diesel product pump A (P-106A) was inspected for vibration on 2025-10-14. Vibration reading recorded at 3.27 mm/s. No abnormalities observed in the pump casing or mounting during the inspection. The pump was operating under diesel rundown service conditions.,,,0.52,LOW,No action,2026-01-13
INS-2025-0493,101-P-003B,2025-10-15,VIBRATION,Overhead reflux pump B (P-103B) was inspected for vibration on 2025-10-15. Vibration amplitude measured 1.68 mm/s. The pump was operating in column overhead reflux service at the time of inspection. No abnormal vibration levels were detected.,,,2.37,LOW,No action,2026-01-14
INS-2025-0494,101-P-004A,2025-10-15,VIBRATION,Atmospheric residue bottoms pump A (P-104A) was inspected for vibration on 2025-10-15. Vibration measurement recorded at 2.46 mm/s. Equipment operating in column bottoms service. No abnormal vibration levels detected during inspection.,,,0.53,LOW,No action,2026-01-14
INS-2025-0495,101-P-006B,2025-10-15,VIBRATION,Diesel product pump B (P-106B) operating in diesel rundown service was inspected for vibration on 2025-10-15. Vibration reading recorded at 2.63 mm/s. Visual inspection showed no visible abnormalities on the pump casing or mounting. The equipment was running under normal operating conditions during the measurement.,,,2.32,LOW,No action,2026-01-14
INS-2025-0496,101-P-001A,2025-10-26,VIBRATION,Crude charge pump A (P-101A) was inspected for vibration on 2025-10-26. The vibration reading recorded was 4.32 mm/s. The inspection was conducted in relation to the lube seal condition. No visible abnormalities were noted on the pump housing or mounting during the inspection.,,,4.45,MEDIUM,Increase monitoring frequency,2026-01-25
INS-2025-0497,101-C-001,2025-11-07,VISUAL,"The atmospheric distillation column C-101 was visually inspected on 2025-11-07. The external surfaces showed no signs of corrosion, leaks, or mechanical damage. All insulation and cladding were intact and securely fastened. No abnormal conditions were observed in the crude fractionation service area.",,,,LOW,No action,2026-11-07
INS-2025-0498,101-D-001,2025-11-08,VISUAL,"The overhead reflux drum (D-101) was visually inspected on 2025-11-08. The vessel surface showed no signs of corrosion, leaks, or mechanical damage. All external fittings and connections appeared intact and secure. No abnormalities were observed in the overhead accumulator during the inspection.",,,,LOW,No action,2026-11-08
INS-2025-0499,101-E-001,2025-11-09,VISUAL,Visual inspection of crude/atmospheric residue preheat exchanger #1 (E-101) on 2025-11-09 revealed fouling accumulation estimated at 26.9%. The exchanger surfaces exhibited noticeable deposits consistent with fouling in the crude preheat hot end service. No additional abnormalities were observed during the inspection.,26.9,,,HIGH,Clean at TA-2027,2026-11-09
INS-2025-0500,101-E-010,2025-11-09,VISUAL,Visual inspection of the kerosene stripper reboiler (E-110) on 2025-11-09 revealed a fouling percentage of 5.7%. The equipment surface showed moderate fouling deposits consistent with the recorded reading. No visible signs of corrosion or mechanical damage were observed during the inspection.,5.7,,,LOW,Replace bundle at TA-2027,2026-11-09
INS-2025-0501,101-V-001,2025-11-09,VISUAL,Visual inspection of Electrostatic Desalter V-101 revealed localized wall thinning on the interior surface consistent with corrosion. No numeric thickness measurements were taken during this inspection. The external surface showed no signs of mechanical damage or coating failure. No leaks or deposits were observed at the time of inspection.,,,,LOW,Repair / overlay at TA-2027,2026-11-09
INS-2025-0502,103-D-012,2025-11-09,VISUAL,"The kerosene stripper (D-102) was visually inspected on 2025-11-09. The equipment appeared clean with no visible signs of corrosion, leaks, or mechanical damage. All external components, including piping and insulation, were intact and properly secured. No abnormalities were observed during the inspection.",,,,LOW,No action,2026-11-09
INS-2025-0503,101-D-003,2025-11-10,VISUAL,"The diesel stripper (D-103) was visually inspected on 2025-11-10. External surfaces showed no signs of corrosion, leaks, or mechanical damage. No abnormalities were observed in the insulation or structural supports. The unit appeared clean and well-maintained with no visible oil or lubricant residue.",,,,LOW,No action,2026-11-10
INS-2025-0504,101-E-002,2025-11-10,VISUAL,The crude/atmospheric residue preheat exchanger #2 (E-102) was visually inspected on 2025-11-10. The exchanger showed signs of fouling with a measured fouling percentage of 19.8%. No external damage or leaks were observed during the inspection. The unit is currently in crude preheat service as per drawing 101-E-002.,19.8,,,MEDIUM,Clean at TA-2027,2026-11-10
INS-2025-0505,101-E-011,2025-11-10,VISUAL,"The Diesel product / BFW exchanger (E-111, drawing 101-E-011) was visually inspected on 2025-11-10. The unit is in diesel product cooling service. Visual examination revealed no apparent damage or leaks. Fouling level was measured at 6.0%.",6.0,,,LOW,No action,2026-11-10
INS-2025-0506,101-D-004,2025-11-11,VISUAL,"The residue flash drum (D-104) was visually inspected on 2025-11-11. The external surface showed no signs of corrosion, deformation, or leakage. Weld seams appeared intact with no visible cracks or defects. No abnormal residues or deposits were observed on the vessel exterior.",,,,LOW,No action,2026-11-11
INS-2025-0507,101-E-003,2025-11-11,VISUAL,Visual inspection of crude/kerosene pumparound preheat exchanger #3 (E-103) on 2025-11-11 revealed fouling on heat exchange surfaces estimated at 20.3%. No visible leaks or mechanical damage were observed on the exchanger shell or tube bundle. External surfaces showed normal condition consistent with recent maintenance activities.,20.3,,,MEDIUM,Clean at next TA,2026-11-11
INS-2025-0508,101-E-012,2025-11-11,VISUAL,"The Residue Rundown Cooler (E-112, drawing 101-E-012) was visually inspected on 2025-11-11. The unit is in atmospheric residue rundown service. Visual examination revealed no external damage or leaks. Fouling level was measured at 5.9%. The most recent work order referenced was an external inspection of lube condition.",5.9,,,LOW,No action,2026-11-11
INS-2025-0509,101-E-004,2025-11-12,VISUAL,"On 2025-11-12, visual inspection of crude/diesel pumparound preheat exchanger #4 (E-104) revealed surface deposits consistent with fouling. The fouling percentage was measured at 21.3%. No abnormalities in the exchanger shell or tube bundle were observed during the inspection.",21.3,,,MEDIUM,Clean at next TA,2026-11-12
INS-2025-0510,101-H-001,2025-11-12,VISUAL,The crude fired heater H-101 was visually inspected on 2025-11-12. The heater shell and insulation showed no signs of external damage or corrosion. Burner flame appeared stable and consistent with normal operation. No leaks or unusual deposits were observed on the equipment surface.,,,,LOW,No action,2026-11-12
INS-2025-0511,101-E-015,2025-11-13,VISUAL,Visual inspection of crude/AGO product preheat exchanger #5 (E-105) conducted on 2025-11-13 revealed a fouling level of 21.1%. The exchanger surfaces showed visible deposits consistent with fouling accumulation. No other abnormalities were noted during the inspection.,21.1,,,MEDIUM,Clean at next TA,2026-11-13
INS-2025-0512,101-E-006,2025-11-14,VISUAL,The crude/atmospheric residue preheat exchanger #6 (E-106) was visually inspected on 2025-11-14. The cold end showed noticeable fouling with a measured fouling percentage of 24.4%. No other abnormalities were observed during the inspection.,24.4,,,MEDIUM,Clean at TA-2027,2026-11-14
INS-2025-0513,101-E-007,2025-11-15,VISUAL,"The overhead naphtha condenser (E-107) was visually inspected on 2025-11-15. The unit is in service for column overhead condensing as per drawing 101-E-007. Visual examination revealed a fouling level of 20.9%, indicating the presence of deposits on heat exchange surfaces. The most recent work order referenced was an external inspection focused on lube condition.",20.9,,,MEDIUM,Clean at next TA,2026-11-15
INS-2025-0514,101-E-008A,2025-11-16,VISUAL,The overhead trim condenser (two-bundle) E-108 was visually inspected on 2025-11-16. The unit showed a fouling percentage of 7.0%. No visible signs of damage or leakage were observed on the external surfaces. The inspection was conducted in conjunction with the external inspection of the lube condition.,7.0,,,LOW,No action,2026-11-16
INS-2025-0515,101-E-009,2025-11-17,VISUAL,Visual inspection of Naphtha/crude interchanger (E-109) on 2025-11-17 revealed fouling on approximately 20.2% of the heat exchange surfaces. The equipment is operating in naphtha product/crude service. No abnormalities other than fouling were observed during the inspection.,20.2,,,MEDIUM,Clean at next TA,2026-11-17
INS-2026-0516,101-P-001B,2026-01-12,VIBRATION,Crude charge pump B (P-101B) was inspected for vibration on 2026-01-12. Vibration level measured at 3.25 mm/s. Pump is in crude charge to heater service. Previous work order involved vibration check and lubrication seal inspection.,,,0.57,LOW,No action,2026-04-13
INS-2026-0517,101-P-002A,2026-01-12,VIBRATION,Desalter water pump A (P-102A) was inspected for vibration on 2026-01-12. Vibration reading recorded at 2.03 mm/s. The inspection was conducted as part of a vibration check on the lube seal. No visible leaks or abnormalities were observed during the inspection.,,,2.42,LOW,No action,2026-04-13
INS-2026-0518,101-P-004B,2026-01-12,VIBRATION,The atmospheric residue bottoms pump B (P-104B) was inspected on 2026-01-12 for vibration. The vibration reading recorded was 3.33 mm/s. The pump is operating in column bottoms service. The most recent work order involved a vibration check and lubrication seal inspection.,,,0.56,LOW,No action,2026-04-13
INS-2026-0519,101-P-005A,2026-01-12,VIBRATION,Naphtha product pump A (P-105A) operating in naphtha rundown service was inspected for vibration on 2026-01-12. Vibration reading recorded at 2.09 mm/s. Previous work order indicated a vibration check and lubrication seal inspection. No visible abnormalities observed on external pump housing.,,,2.39,LOW,No action,2026-04-13
INS-2026-0520,101-P-002B,2026-01-13,VIBRATION,Desalter water pump B (P-102B) vibration measurement taken on 2026-01-13 showed a reading of 2.48 mm/s. The pump is operating within normal vibration limits. The equipment was visually inspected during the vibration check and no abnormalities were observed. The service involves desalter wash water as per drawing 101-P-002B.,,,0.55,LOW,No action,2026-04-14
INS-2026-0521,101-P-003A,2026-01-13,VIBRATION,Overhead reflux pump A (P-103A) was inspected for vibration on 2026-01-13. The vibration reading recorded was 3.43 mm/s. The pump is in service for column overhead reflux as per drawing 101-P-003A. Previous work order noted lubrication seal inspection.,,,2.48,LOW,No action,2026-04-14
INS-2026-0522,101-P-005B,2026-01-13,VIBRATION,Naphtha product pump B (P-105B) was inspected on 2026-01-13 for vibration levels. The measured vibration amplitude was 3.25 mm/s. The pump is in naphtha rundown service as per drawing 101-P-005B. Previous work order involved vibration check and lubrication seal inspection.,,,0.52,LOW,No action,2026-04-14
INS-2026-0523,101-P-006A,2026-01-13,VIBRATION,Diesel product pump A (P-106A) was inspected for vibration on 2026-01-13. The vibration reading recorded was 2.99 mm/s. Visual inspection showed no visible abnormalities on the pump housing or mounting. The equipment was operating under normal conditions during the inspection.,,,2.42,LOW,No action,2026-04-14
INS-2026-0524,101-P-003B,2026-01-14,VIBRATION,Overhead reflux pump B (P-103B) was inspected for vibration on 2026-01-14. Vibration level recorded at 1.93 mm/s. No abnormal vibration detected during the inspection. Equipment appeared to be operating within expected parameters.,,,0.6,LOW,No action,2026-04-15
INS-2026-0525,101-P-004A,2026-01-14,VIBRATION,Atmospheric residue bottoms pump A (P-104A) was inspected for vibration on 2026-01-14. The vibration reading recorded was 2.35 mm/s. No abnormalities were observed during the inspection. The pump is operating within expected vibration limits.,,,2.49,LOW,No action,2026-04-15
INS-2026-0526,101-P-006B,2026-01-14,VIBRATION,Diesel product pump B (P-106B) operating in diesel rundown service was inspected for vibration on 2026-01-14. Vibration reading recorded at 1.86 mm/s. Equipment appeared to be within normal operational parameters during the inspection.,,,,LOW,No action,2026-04-15
INS-2026-0527,101-P-001A,2026-01-25,VIBRATION,Crude charge pump A (P-101A) vibration inspection conducted on 2026-01-25 showed a vibration level of 6.3 mm/s. The reading was taken as part of the vibration check for the lube seal. No visible abnormalities were noted on the pump housing or mounting during the inspection.,,,6.23,HIGH,Replace bearings,2026-04-26
INS-2026-0528,101-P-001B,2026-04-13,VIBRATION,Crude charge pump B (P-101B) vibration measured at 2.01 mm/s during inspection on 2026-04-13. Equipment operating in crude charge to heater service. Vibration levels within expected parameters. No abnormal noise or movement observed.,,,0.56,LOW,No action,2026-07-13
INS-2026-0529,101-P-002A,2026-04-13,VIBRATION,Desalter water pump A (P-102A) vibration measured at 1.82 mm/s during inspection on 2026-04-13. The pump services desalter wash water as per drawing 101-P-002A. Vibration levels were recorded in the area of the lube seal. No abnormal noise or visible leakage observed at the time of inspection.,,,0.58,LOW,No action,2026-07-13
INS-2026-0530,101-P-004B,2026-04-13,VIBRATION,"On 2026-04-13, vibration measurement on atmospheric residue bottoms pump B (P-104B) in column bottoms service was recorded at 3.04 mm/s. The inspection focused on the lubrication seal area as per the recent work order VIB CHECK LUBE SEAL INSP. No abnormal vibration levels were observed during this inspection.",,,2.33,LOW,No action,2026-07-13
INS-2026-0531,101-P-005A,2026-04-13,VIBRATION,Naphtha product pump A (P-105A) was inspected for vibration on 2026-04-13. The vibration reading recorded was 2.26 mm/s. The pump is in naphtha rundown service as per drawing 101-P-005A. The most recent work order referenced a vibration check and lubrication seal inspection.,,,,LOW,No action,2026-07-13
INS-2026-0532,101-P-002B,2026-04-14,VIBRATION,Desalter water pump B (P-102B) was inspected for vibration on 2026-04-14. The vibration reading recorded was 2.79 mm/s. The pump is in desalter wash water service as per drawing 101-P-002B. Previous work order noted a vibration check and lubrication seal inspection.,,,2.39,LOW,No action,2026-07-14
INS-2026-0533,101-P-003A,2026-04-14,VIBRATION,Overhead reflux pump A (P-103A) was inspected for vibration on 2026-04-14. The vibration reading recorded was 2.89 mm/s. The pump is in service for column overhead reflux. Previous work order indicated a vibration check and lubrication seal inspection.,,,0.53,LOW,No action,2026-07-14
INS-2026-0534,101-P-005B,2026-04-14,VIBRATION,Naphtha product pump B (P-105B) operating in naphtha rundown service was inspected for vibration on 2026-04-14. Vibration amplitude measured at 3.01 mm/s. The unit showed no abnormal vibration levels during the check. Previous work order involved lubrication seal inspection.,,,2.3,LOW,No action,2026-07-14
INS-2026-0535,101-P-006A,2026-04-14,VIBRATION,Diesel product pump A (P-106A) was inspected for vibration on 2026-04-14. Vibration level measured at 2.86 mm/s. No abnormalities noted in the lube seal area during visual inspection. Equipment operating within expected parameters at the time of inspection.,,,0.54,LOW,No action,2026-07-14
INS-2026-0536,101-P-003B,2026-04-15,VIBRATION,Overhead reflux pump B (P-103B) was inspected on 2026-04-15 for vibration levels. The measured vibration amplitude was 2.03 mm/s. The equipment showed stable operation with no abnormal vibration detected during the inspection. The last recorded maintenance activity was a vibration check and lubrication seal inspection.,,,2.52,LOW,No action,2026-07-15
INS-2026-0537,101-P-004A,2026-04-15,VIBRATION,The atmospheric residue bottoms pump A (P-104A) was inspected on 2026-04-15 for vibration levels. The measured vibration velocity was 2.02 mm/s. The inspection was conducted following the vibration check and lubrication seal inspection work order. No abnormal vibration patterns were observed during the assessment.,,,0.57,LOW,No action,2026-07-15
INS-2026-0538,101-P-006B,2026-04-15,VIBRATION,Diesel product pump B (P-106B) was inspected for vibration on 2026-04-15 during diesel rundown service. Vibration readings recorded at the pump were 3.3 mm/s. The pump showed stable operation with no abnormal vibration detected at the time of inspection. The latest work order referenced a vibration check and lubrication seal inspection.,,,2.34,LOW,No action,2026-07-15
INS-2026-0539,101-P-001A,2026-04-26,VIBRATION,Crude charge pump A (P-101A) vibration measurement recorded at 2.11 mm/s on 2026-04-26. Equipment is in crude charge to heater service. Previous maintenance involved replacement of bearing and coupling. No abnormal vibration trends observed at this time.,,,1.98,LOW,No action,2026-07-26
INS-2026-0540,101-E-010,2026-06-16,UT_THICKNESS,Ultrasonic thickness inspection performed on kerosene stripper reboiler (E-110) on 2026-06-16 revealed a minimum wall thickness of 4.28 mm. The measurement was taken in accordance with drawing 101-E-010. No visual anomalies or external damage were observed during the inspection. The equipment is currently in kerosene reboil service.,,4.28,,HIGH,Replace bundle at TA-2027,2027-06-16
INS-2026-0541,101-V-001,2026-06-16,UT_THICKNESS,Ultrasonic thickness measurement was performed on the electrostatic desalter (V-101) on 2026-06-16. The minimum wall thickness recorded was 8.47 mm. No visible external corrosion or damage was observed on the vessel surface during inspection.,,8.47,,HIGH,Repair / overlay at TA-2027,2027-06-16
INS-2026-0542,101-P-001B,2026-07-13,VIBRATION,Crude charge pump B (P-101B) vibration inspection conducted on 2026-07-13 showed a vibration level of 1.67 mm/s. Equipment is operating within expected parameters for crude charge to heater service. No abnormal vibration detected during this inspection.,,,0.55,LOW,No action,2026-10-12
INS-2026-0543,101-P-002A,2026-07-13,VIBRATION,Desalter water pump A (P-102A) was inspected for vibration on 2026-07-13. Vibration reading recorded at 3.1 mm/s. Previous maintenance included mechanical seal replacement as per work order. No visible leaks observed at the seal area during inspection.,,,2.29,LOW,No action,2026-10-12
INS-2026-0544,101-P-004B,2026-07-13,VIBRATION,The atmospheric residue bottoms pump B (P-104B) was inspected on 2026-07-13 for vibration levels. The measured vibration amplitude was 2.67 mm/s. The equipment is operating within expected parameters during the column bottoms service. The most recent maintenance activity recorded was a vibration check and lubrication seal inspection.,,,0.55,LOW,No action,2026-10-12
INS-2026-0545,101-P-005A,2026-07-13,VIBRATION,Naphtha product pump A (P-105A) was inspected for vibration on 2026-07-13 during naphtha rundown service. Vibration reading recorded at 2.17 mm/s. Previous work order noted as VIB CHECK LUBE SEAL INSP. No visible abnormalities observed on the pump casing or seal area.,,,2.44,LOW,No action,2026-10-12
INS-2026-0546,101-P-002B,2026-07-14,VIBRATION,Desalter water pump B (P-102B) was inspected for vibration on 2026-07-14. Vibration reading recorded at 3.32 mm/s. No abnormal vibration levels detected. Equipment operating within normal parameters during inspection.,,,0.55,LOW,No action,2026-10-13
INS-2026-0547,101-P-003A,2026-07-14,VIBRATION,Overhead reflux pump A (P-103A) was inspected for vibration on 2026-07-14. Vibration amplitude measured 2.62 mm/s. The inspection was conducted in conjunction with a lubrication seal check as per work order. No anomalies were observed during the vibration assessment.,,,2.49,LOW,No action,2026-10-13
INS-2026-0548,101-P-005B,2026-07-14,VIBRATION,Naphtha product pump B (P-105B) operating in naphtha rundown service was inspected for vibration on 2026-07-14. Vibration amplitude measured 1.8 mm/s. No abnormal vibration levels detected during the inspection.,,,0.54,LOW,No action,2026-10-13
INS-2026-0549,101-P-006A,2026-07-14,VIBRATION,Diesel product pump A (P-106A) was inspected for vibration on 2026-07-14. The vibration reading recorded was 3.11 mm/s. Visual inspection showed no visible signs of abnormal wear or damage. The unit was operating under normal conditions during the assessment.,,,2.26,LOW,No action,2026-10-13
INS-2026-0550,101-P-003B,2026-07-15,VIBRATION,Overhead reflux pump B (P-103B) was inspected for vibration on 2026-07-15. Vibration amplitude measured 2.05 mm/s. The pump is in column overhead reflux service. Previous work order involved vibration check and lubrication seal inspection.,,,0.55,LOW,No action,2026-10-14
INS-2026-0551,101-P-004A,2026-07-15,VIBRATION,The atmospheric residue bottoms pump A (P-104A) was inspected for vibration on 2026-07-15. Vibration amplitude was measured at 2.26 mm/s. The inspection focused on the lube seal area as per the recent work order for vibration check and lube seal inspection. No abnormal vibration levels were observed during the assessment.,,,2.35,LOW,No action,2026-10-14
INS-2026-0552,101-P-006B,2026-07-15,VIBRATION,Diesel product pump B (P-106B) was inspected for vibration on 2026-07-15 during diesel rundown service. Vibration amplitude measured 2.14 mm/s. The equipment showed stable operational parameters with no abnormal vibration detected. Previous work order involved vibration check and lubrication seal inspection.,,,0.57,LOW,No action,2026-10-14
INS-2026-0553,101-P-001A,2026-07-26,VIBRATION,Crude charge pump A (P-101A) was inspected for vibration on 2026-07-26. The vibration reading recorded was 2.75 mm/s. The pump is in service for crude charge to heater. The most recent work order indicates replacement of bearing and decoupling components.,,,2.55,LOW,No action,2026-10-25
INS-2026-0554,101-FV-001,2026-08-05,VISUAL,The crude charge flow control valve FV-101 was visually inspected on 2026-08-05. The valve body and actuator showed no signs of external leakage or damage. The valve stem packing appeared intact with no visible signs of wear or leakage. The valve was observed to be passing flow as intended during operation.,,,,LOW,No action,2027-08-05
INS-2026-0555,101-P-006A,2026-08-10,VIBRATION,Diesel product pump A (P-106A) was inspected for vibration on 2026-08-10. Vibration reading recorded at 2.59 mm/s. No abnormal vibration levels observed during the diesel rundown service.,,,,LOW,No action,2026-11-09
INS-2026-0556,101-E-011,2026-08-12,VISUAL,"The Diesel Product / BFW exchanger (E-111, drawing 101-E-011) was visually inspected on 2026-08-12. The unit is in service for diesel product cooling. Visual examination revealed no apparent damage or leaks. Fouling was measured at 7.8%, indicating moderate deposit accumulation on heat transfer surfaces.",7.8,,,LOW,No action,2027-08-12
