wo_id,tag_sap,wo_type,created_date,basic_start,basic_finish,actual_finish,status,short_text,long_text,planned_hours,actual_hours,crew,work_center,priority,ta_id
40000001,100-P-102A,PM02,2019-01-08,2019-02-01,2019-02-02,2019-02-01,CLSD,VIB CHECK LUBE SEAL INSP,"Performed vibration check and inspected lubrication seal on desalter water pump P-102A. No abnormalities detected during inspection. Seal showed normal wear, no leaks found. Equipment operating within specified parameters.",3.8,2.9,"1 fitter, 1 inspector",MECH,3,
40000002,100-P-101B,PM02,2019-01-09,2019-02-01,2019-02-02,2019-02-01,CLSD,VIB CHECK LUBE SEAL INSP,Performed vibration check on crude charge pump B. Inspected lube seal for wear and leaks. No abnormalities detected; equipment operating within normal parameters.,3.7,2.9,"1 fitter, 1 inspector",MECH,3,
40000003,100-P-102B,PM02,2019-01-11,2019-02-02,2019-02-03,2019-02-02,CLSD,VIB CHECK LUBE SEAL INSP,"Performed vibration check on desalter water pump B (P-102B). Inspected lubrication system and mechanical seal for wear and leaks. No abnormalities detected, equipment operating within normal parameters.",3.9,4.4,"1 fitter, 1 inspector",MECH,4,
40000004,100-P-104B,PM02,2019-01-11,2019-02-04,2019-02-05,2019-02-04,CLSD,VIB CHECK LUBE SEAL INSP,Performed vibration check and inspected lube seal on atmospheric residue bottoms pump B (P-104B). No abnormalities detected. Equipment operating within normal parameters. Maintenance completed as scheduled.,4.5,5.2,"1 fitter, 1 inspector",MECH,3,
40000005,100-P-104A,PM02,2019-01-12,2019-02-03,2019-02-04,2019-02-05,CLSD,VIB CHECK LUBE SEAL INSP,Performed vibration check on lube seal of atmospheric residue bottoms pump A (P-104A). No abnormalities detected. Seal condition confirmed healthy. Equipment returned to service.,4.5,5.1,"1 fitter, 1 inspector",MECH,3,
40000006,100-P-106B,PM02,2019-01-13,2019-02-06,2019-02-07,2019-02-07,CLSD,VIB CHECK LUBE SEAL INSP,Performed vibration check and inspected lube seal on diesel product pump B (P-106B). No abnormalities detected. Equipment operating within normal parameters.,4.9,6.1,"1 fitter, 1 inspector",MECH,3,
40000007,100-P-101A,PM02,2019-01-17,2019-01-31,2019-02-02,2019-02-02,CLSD,VIB CHECK LUBE SEAL INSP,"Performed vibration check on lube seal of crude charge pump P-101A. Inspected for abnormal noise and movement. No issues found, seal operating within normal parameters.",4.3,4.6,"1 fitter, 1 inspector",MECH,4,
40000008,100-P-103B,PM02,2019-01-18,2019-02-03,2019-02-05,2019-02-06,CLSD,VIB CHECK LUBE SEAL INSP,Performed vibration check on overhead reflux pump B. Lubrication of seal completed. Inspected seal condition; found no abnormalities. Equipment operating within normal parameters.,3.6,4.4,"1 fitter, 1 inspector",MECH,4,
40000009,100-P-103A,PM02,2019-01-22,2019-02-02,2019-02-04,2019-02-04,CLSD,VIB CHECK LUBE SEAL INSP,Performed vibration check on overhead reflux pump P-103A. Lubrication of seal inspected and verified. No abnormalities detected during inspection. Equipment operating within normal parameters.,4.9,3.9,"1 fitter, 1 inspector",MECH,4,
40000010,100-P-106A,PM02,2019-01-23,2019-02-05,2019-02-07,2019-02-07,CLSD,VIB CHECK LUBE SEAL INSP,Performed vibration check on diesel product pump A (P-106A). Inspected lubrication system and seal condition. No abnormalities found; equipment operating within normal parameters.,4.7,5.0,"1 fitter, 1 inspector",MECH,3,
40000011,100-P-105A,PM02,2019-01-25,2019-02-04,2019-02-06,2019-02-06,CLSD,VIB CHECK LUBE SEAL INSP,Performed vibration check and inspected lube seal on Naphtha product pump A (P-105A) during naphtha rundown. No abnormalities detected in seal condition. Equipment operated within normal vibration limits. Job closed.,4.0,3.5,"1 fitter, 1 inspector",MECH,3,
40000012,100-P-105B,PM02,2019-01-26,2019-02-05,2019-02-07,2019-02-07,CLSD,VIB CHECK LUBE SEAL INSP,"Performed vibration check and inspected lube seal on Naphtha product pump B (P-105B) during naphtha rundown. No abnormalities detected, equipment operating within normal parameters. Maintenance completed and pump returned to service.",3.1,3.5,"1 fitter, 1 inspector",MECH,4,
40000013,100-LV-102,PM02,2019-02-13,2019-03-08,2019-03-10,2019-03-09,CLSD,CALIBRATE CONTROL VALVE,Calibrated column bottoms level control valve LV-102 as scheduled. Verified valve response and adjusted setpoints to ensure accurate level control. No abnormalities detected during calibration. Equipment operating within normal parameters post-maintenance.,3.8,4.7,1 instrument tech,INST,4,
40000014,100-PV-102,PM02,2019-02-17,2019-03-12,2019-03-14,2019-03-15,CLSD,CALIBRATE CONTROL VALVE,Calibrated fuel gas pressure control valve PV-102 as per schedule. Verified setpoints and response times within acceptable limits. No leaks or mechanical issues detected during inspection. Equipment operating normally after calibration.,3.3,4.0,1 instrument tech,INST,4,
40000015,100-LV-101,PM02,2019-02-19,2019-03-07,2019-03-09,2019-03-09,CLSD,CALIBRATE CONTROL VALVE,"Calibrated LV-101 control valve for overhead accumulator level. Verified valve response and signal accuracy. No deviations found, valve operating within normal parameters.",2.0,1.7,1 instrument tech,INST,3,
40000016,100-TV-101,PM02,2019-02-26,2019-03-15,2019-03-16,2019-03-15,CLSD,CALIBRATE CONTROL VALVE,Calibrated desalter temperature control valve TV-101 to ensure accurate temperature regulation. Verified valve response and adjusted setpoints as required. Confirmed stable operation within specified parameters.,2.7,2.5,1 instrument tech,INST,3,
40000017,100-PV-101,PM02,2019-02-27,2019-03-11,2019-03-12,2019-03-11,CLSD,CALIBRATE CONTROL VALVE,Calibrated column overhead pressure control valve PV-101 as scheduled. Verified setpoints and response accuracy. Valve operated within specified parameters during testing. No abnormalities detected.,3.7,3.7,1 instrument tech,INST,3,
40000018,100-D-101,PM02,2019-03-24,2019-04-17,2019-04-19,2019-04-18,CLSD,EXT INSP LUBE CONDITION,Performed external inspection of overhead reflux drum D-101. Verified lube condition; no leaks or contamination found. Equipment remained healthy and operational. No abnormalities detected during service.,4.4,4.3,"1 inspector, 1 fitter",INSP,3,
40000019,100-E-111,PM02,2019-03-27,2019-04-19,2019-04-20,2019-04-19,CLSD,EXT INSP LUBE CONDITION,"External inspection of lube condition completed on diesel product / BFW exchanger E-111. No abnormalities found, lubrication system operating within normal parameters. Equipment remains healthy and fully functional.",5.9,5.1,"1 inspector, 1 fitter",INSP,3,
40000020,100-D-103,PM02,2019-03-28,2019-04-19,2019-04-20,2019-04-21,CLSD,EXT INSP LUBE CONDITION,Performed external inspection and checked lube condition on Diesel Stripper D-103. No abnormalities found. Equipment operating within normal parameters. Job closed as planned.,5.6,6.8,"1 inspector, 1 fitter",INSP,3,
40000021,100-D-102,PM02,2019-03-30,2019-04-18,2019-04-19,2019-04-20,CLSD,EXT INSP LUBE CONDITION,External inspection of kerosene stripper D-102 completed. Lube condition checked and found within acceptable limits. No abnormalities detected during inspection. Equipment operating normally.,5.0,5.0,"1 inspector, 1 fitter",INSP,4,
40000022,100-V-101,PM02,2019-03-31,2019-04-10,2019-04-11,2019-04-12,CLSD,EXT INSP LUBE CONDITION,Performed external inspection of lube system on Electrostatic desalter V-101. Checked for signs of wall loss and corrosion. No leaks or abnormalities found. Equipment operating within normal parameters.,4.7,5.4,"1 inspector, 1 fitter",INSP,4,
40000023,100-FV-101,PM02,2019-04-01,2019-04-20,2019-04-22,2019-04-21,CLSD,CALIBRATE CONTROL VALVE,Calibrated FV-101 control valve to correct flow deviations. Valve was passing but required adjustment to meet setpoint. Verified signal response and confirmed stable operation.,2.1,2.0,1 instrument tech,INST,3,
40000024,100-E-104,PM02,2019-04-03,2019-04-21,2019-04-23,2019-04-22,CLSD,EXT INSP LUBE CONDITION,Performed external inspection of lube condition on crude/diesel pumparound preheat exchanger #4. No abnormalities detected. Lubrication system clean and functioning within normal parameters. No leaks or contamination observed.,7.2,6.5,"1 inspector, 1 fitter",INSP,4,
40000025,100-E-112,PM02,2019-04-04,2019-04-20,2019-04-21,2019-04-22,CLSD,EXT INSP LUBE CONDITION,"External inspection of lube condition completed on residue rundown cooler E-112. No abnormalities found, lubrication system operating within normal parameters. Equipment remains healthy and fit for service.",6.8,7.5,"1 inspector, 1 fitter",INSP,4,
40000026,100-H-101,PM02,2019-04-04,2019-04-21,2019-04-22,2019-04-22,CLSD,EXT INSP LUBE CONDITION,External inspection of lube system completed. No leaks or contamination found. Lubricant condition verified as healthy. Equipment operating within normal parameters.,7.0,5.7,"1 inspector, 1 fitter",INSP,3,
40000027,100-C-101,PM02,2019-04-06,2019-04-16,2019-04-17,2019-04-17,CLSD,EXT INSP LUBE CONDITION,External inspection of the lube system on C-101 completed. No leaks or abnormalities detected. Lubrication condition confirmed healthy. All components functioning within normal parameters.,5.5,4.8,"1 inspector, 1 fitter",INSP,3,
40000028,100-E-101,PM02,2019-04-06,2019-04-18,2019-04-20,2019-04-20,CLSD,EXT INSP LUBE CONDITION,External inspection performed on lube condition of crude preheat exchanger E-101. No abnormalities found. Equipment cleaned to address fast fouling issues. Unit returned to service without delay.,7.3,7.1,"1 inspector, 1 fitter",INSP,3,
40000029,100-E-106,PM02,2019-04-06,2019-04-23,2019-04-24,2019-04-25,CLSD,EXT INSP LUBE CONDITION,External inspection of lube condition completed on crude preheat exchanger E-106. No abnormalities found. Equipment operating within normal parameters. No further action required.,7.0,8.1,"1 inspector, 1 fitter",INSP,4,
40000030,100-E-109,PM02,2019-04-06,2019-04-26,2019-04-27,2019-04-26,CLSD,EXT INSP LUBE CONDITION,"External inspection of lube condition performed on E-109. Minor fouling observed, cleaned during inspection. No leaks or abnormalities detected. Equipment returned to service in normal condition.",5.8,5.6,"1 inspector, 1 fitter",INSP,4,
40000031,100-FV-102,PM02,2019-04-06,2019-04-21,2019-04-23,2019-04-23,CLSD,CALIBRATE CONTROL VALVE,Calibrated stripping steam flow control valve FV-102 to ensure accurate modulation of column stripping steam. Valve response and setpoints verified and adjusted as per specifications. No abnormalities detected during calibration.,3.9,3.3,1 instrument tech,INST,4,
40000032,100-E-110,PM02,2019-04-07,2019-04-18,2019-04-19,2019-04-18,CLSD,EXT INSP LUBE CONDITION,Performed external inspection of kerosene stripper reboiler E-110. Observed minor wall thinning consistent with expected wear. Lubrication system checked and found in good condition. No immediate repairs required.,6.9,5.8,"1 inspector, 1 fitter",INSP,3,
40000033,100-E-102,PM02,2019-04-08,2019-04-19,2019-04-20,2019-04-21,CLSD,EXT INSP LUBE CONDITION,Performed external inspection of lube condition on crude preheat exchanger E-102. No leaks or contamination observed. Lubrication system functioning within normal parameters. Equipment showed signs of fast fouling; monitoring recommended.,4.1,4.0,"1 inspector, 1 fitter",INSP,3,
40000034,100-E-105,PM02,2019-04-08,2019-04-22,2019-04-24,2019-04-25,CLSD,EXT INSP LUBE CONDITION,External inspection of lube condition completed on crude/AGO product preheat exchanger #5 (E-105). No abnormalities or leaks detected. Lubrication levels verified and within acceptable limits. Equipment operating normally with no signs of fouling at this time.,6.3,5.4,"1 inspector, 1 fitter",INSP,3,
40000035,100-FV-103,PM02,2019-04-08,2019-04-22,2019-04-23,2019-04-23,CLSD,CALIBRATE CONTROL VALVE,Calibrated FV-103 control valve on naphtha pumparound system. Verified valve response and adjusted setpoints to meet operational parameters. No leaks or faults detected during calibration. Equipment returned to service within specifications.,2.4,2.7,1 instrument tech,INST,3,
40000036,100-D-104,PM02,2019-04-09,2019-04-20,2019-04-22,2019-04-22,CLSD,EXT INSP LUBE CONDITION,"External inspection of lube condition completed on residue flash drum D-104. No abnormalities found, lubrication system operating within normal parameters. Equipment remains healthy and fit for service.",7.5,8.0,"1 inspector, 1 fitter",INSP,4,
40000037,100-E-103,PM02,2019-04-09,2019-04-20,2019-04-21,2019-04-20,CLSD,EXT INSP LUBE CONDITION,Performed external inspection of lube condition on crude/kerosene pumparound preheat exchanger #3. No abnormalities found. Lubrication levels and quality verified satisfactory. Equipment operating within normal parameters.,5.7,4.4,"1 inspector, 1 fitter",INSP,3,
40000038,100-E-107,PM02,2019-04-11,2019-04-24,2019-04-25,2019-04-25,CLSD,EXT INSP LUBE CONDITION,Performed external inspection of lubrication system on overhead naphtha condenser E-107. Noted slow fouling signs on condenser surfaces. Lubrication condition verified and found within operational limits. No immediate action required.,5.9,5.7,"1 inspector, 1 fitter",INSP,3,
40000039,100-E-108,PM02,2019-04-14,2019-04-25,2019-04-27,2019-04-28,CLSD,EXT INSP LUBE CONDITION,External inspection of overhead trim condenser completed. Lube condition checked and found within normal parameters. No abnormalities detected during inspection. Equipment is healthy and operating as expected.,5.9,6.0,"1 inspector, 1 fitter",INSP,4,
40000040,100-P-101A,PM02,2019-07-07,2019-07-28,2019-07-30,2019-07-30,CLSD,VIB CHECK LUBE SEAL INSP,Performed vibration check on lube seal of crude charge pump A (P-101A). No abnormal vibration detected. Seal condition inspected and found within acceptable limits. Equipment operating normally during inspection.,4.1,3.8,"1 fitter, 1 inspector",MECH,4,
40000041,100-P-102A,PM02,2019-07-10,2019-08-01,2019-08-02,2019-08-02,CLSD,VIB CHECK LUBE SEAL INSP,"Performed vibration check and inspected lubrication seal on Desalter water pump A (P-102A). Found minor seal leakage, monitored condition. No immediate action required.",4.0,3.7,"1 fitter, 1 inspector",MECH,3,
40000042,100-P-103A,PM02,2019-07-19,2019-08-02,2019-08-03,2019-08-02,CLSD,VIB CHECK LUBE SEAL INSP,Performed vibration check on overhead reflux pump A (P-103A). Inspected lubrication and seal condition. No abnormalities detected during inspection. Equipment operating within normal parameters.,4.7,5.0,"1 fitter, 1 inspector",MECH,4,
40000043,100-P-105A,PM02,2019-07-22,2019-08-04,2019-08-06,2019-08-07,CLSD,VIB CHECK LUBE SEAL INSP,Performed vibration check and inspected lube seal on Naphtha product pump A (P-105A) during naphtha rundown. No abnormalities detected. Seal showed no signs of leakage or wear. Equipment operating within normal parameters.,4.1,3.9,"1 fitter, 1 inspector",MECH,3,
40000044,100-P-101A,PM01,2019-09-01,2019-09-18,2019-09-21,2019-09-20,CLSD,REPL BRG DE COUPLE,"High vibration levels detected on pump P-101A prior to maintenance. Replaced bearings and decoupled as planned. Vibration readings dropped significantly after bearing replacement, confirming successful intervention. Equipment operating within normal parameters post-job.",13.4,14.5,"2 fitters, 1 millwright",MECH,1,
40000045,100-P-104B,PM02,2019-10-12,2019-11-04,2019-11-06,2019-11-07,CLSD,VIB CHECK LUBE SEAL INSP,Performed vibration check and inspected lube seal on atmospheric residue bottoms pump B. No abnormalities detected. Equipment operated within normal parameters during inspection.,3.2,2.6,"1 fitter, 1 inspector",MECH,4,
40000046,100-P-103B,PM02,2019-10-13,2019-11-03,2019-11-05,2019-11-05,CLSD,VIB CHECK LUBE SEAL INSP,"Performed vibration check on overhead reflux pump B. Inspected lubrication and seal condition. No abnormalities found, equipment operating within normal parameters.",4.4,4.4,"1 fitter, 1 inspector",MECH,4,
40000047,100-P-101B,PM02,2019-10-14,2019-11-01,2019-11-02,2019-11-02,CLSD,VIB CHECK LUBE SEAL INSP,Performed vibration check on crude charge pump B (P-101B). Inspected lube seal for wear and leaks. No abnormalities detected; pump operating within normal parameters.,4.3,4.0,"1 fitter, 1 inspector",MECH,4,
40000048,100-P-102B,PM02,2019-10-14,2019-11-02,2019-11-04,2019-11-04,CLSD,VIB CHECK LUBE SEAL INSP,"Performed vibration check on lube seal of desalter water pump B (P-102B). No abnormalities detected. Seal condition healthy, no leaks observed. Equipment operating within normal parameters.",4.5,5.0,"1 fitter, 1 inspector",MECH,4,
40000049,100-P-104A,PM02,2019-10-15,2019-11-03,2019-11-04,2019-11-03,CLSD,VIB CHECK LUBE SEAL INSP,Performed vibration check and inspected lube seal on pump P-104A. No abnormalities detected. Equipment operating within normal parameters. Maintenance completed as scheduled.,4.3,3.8,"1 fitter, 1 inspector",MECH,3,
40000050,100-P-106B,PM02,2019-10-19,2019-11-06,2019-11-07,2019-11-06,CLSD,VIB CHECK LUBE SEAL INSP,Performed vibration check and inspected lube seal on Diesel product pump B (P-106B). No abnormalities detected. Equipment operating within normal parameters.,3.1,2.6,"1 fitter, 1 inspector",MECH,3,
40000051,100-P-106A,PM02,2019-10-20,2019-11-05,2019-11-06,2019-11-06,CLSD,VIB CHECK LUBE SEAL INSP,Performed vibration check and inspected lube seal on Diesel product pump A (P-106A). No abnormalities detected. Equipment operated within normal parameters during diesel rundown. Maintenance completed as scheduled.,5.0,6.1,"1 fitter, 1 inspector",MECH,3,
40000052,100-P-105B,PM02,2019-10-23,2019-11-05,2019-11-06,2019-11-07,CLSD,VIB CHECK LUBE SEAL INSP,Performed vibration check and lubrication seal inspection on Naphtha product pump B (P-105B) during naphtha rundown. No abnormalities detected. Equipment operating within normal parameters.,3.0,3.4,"1 fitter, 1 inspector",MECH,4,
40000053,100-P-102A,PM01,2019-10-24,2019-11-05,2019-11-06,2019-11-07,CLSD,REPL MECH SEAL,"Seal leakage observed on desalter water pump A (P-102A) prior to replacement. Seal pot level was low, indicating seal failure. Mechanical seal was replaced successfully on 2019-11-05. Pump tested and confirmed leak-free after service.",6.9,8.2,2 fitters,MECH,1,
40000054,100-P-103A,PM01,2019-12-30,2020-01-14,2020-01-17,2020-01-17,CLSD,REPL BRG DE COUPLE,"High vibration levels were recorded on overhead reflux pump A prior to bearing replacement. Bearings were replaced on 2020-01-14 as planned. Vibration readings dropped significantly after the bearing replacement, confirming the issue was resolved. Equipment returned to normal operating conditions.",8.9,9.5,"2 fitters, 1 millwright",MECH,1,
40000055,100-P-101A,PM02,2020-01-14,2020-01-28,2020-01-30,2020-01-30,CLSD,VIB CHECK LUBE SEAL INSP,Performed vibration check on lube seal of crude charge pump A (P-101A). Inspected seal condition and mounting integrity. Vibration levels within acceptable limits. No abnormalities detected.,4.7,4.7,"1 fitter, 1 inspector",MECH,3,
40000056,100-P-102A,PM02,2020-01-14,2020-02-01,2020-02-03,2020-02-03,CLSD,VIB CHECK LUBE SEAL INSP,Performed vibration check and inspected lube seal on desalter water pump A (P-102A). No abnormalities detected during inspection. Seal showed no signs of leakage or wear. Equipment operating within normal parameters.,3.5,3.2,"1 fitter, 1 inspector",MECH,4,
40000057,100-P-103A,PM02,2020-01-16,2020-02-02,2020-02-03,2020-02-03,CLSD,VIB CHECK LUBE SEAL INSP,Performed vibration check on overhead reflux pump A (P-103A). Inspected lubrication and seal condition. No abnormalities detected. Equipment operating within normal parameters.,3.3,3.9,"1 fitter, 1 inspector",MECH,4,
40000058,100-P-105A,PM02,2020-01-18,2020-02-04,2020-02-05,2020-02-05,CLSD,VIB CHECK LUBE SEAL INSP,Performed vibration check and inspected lube seal on Naphtha product pump A (P-105A) during naphtha rundown. No abnormalities detected. Seal showed no signs of leakage or wear. Equipment operating within normal parameters.,4.4,3.4,"1 fitter, 1 inspector",MECH,3,
40000059,100-LV-101,PM02,2020-02-18,2020-03-07,2020-03-09,2020-03-08,CLSD,CALIBRATE CONTROL VALVE,Calibrated reflux drum level control valve LV-101 for overhead accumulator level. Verified valve response and adjusted setpoints to ensure accurate level control. No abnormalities detected during calibration. Equipment operating within normal parameters.,3.3,3.7,1 instrument tech,INST,4,
40000060,100-PV-101,PM02,2020-02-24,2020-03-11,2020-03-12,2020-03-12,CLSD,CALIBRATE CONTROL VALVE,Calibrated column overhead pressure control valve PV-101 as scheduled. Verified setpoints and adjusted actuator response. Valve operated within specified parameters after calibration. No leaks or mechanical issues detected.,2.2,2.6,1 instrument tech,INST,3,
40000061,100-LV-102,PM02,2020-02-26,2020-03-08,2020-03-09,2020-03-09,CLSD,CALIBRATE CONTROL VALVE,Calibrated column bottoms level control valve LV-102 to ensure accurate level regulation. Verified valve response and adjusted setpoints as required. Valve operated within specified parameters after calibration.,3.2,3.1,1 instrument tech,INST,4,
40000062,100-TV-101,PM02,2020-02-28,2020-03-15,2020-03-16,2020-03-17,CLSD,CALIBRATE CONTROL VALVE,Calibrated desalter temperature control valve TV-101 to ensure accurate temperature regulation. Verified valve response and adjusted setpoints as required. Valve operated within specified parameters after calibration.,3.1,2.7,1 instrument tech,INST,4,
40000063,100-PV-102,PM02,2020-03-02,2020-03-12,2020-03-14,2020-03-14,CLSD,CALIBRATE CONTROL VALVE,Calibrated fuel gas pressure control valve PV-102 to ensure accurate pressure regulation. Verified setpoints and adjusted actuator response. Valve operated within specified parameters after calibration. No issues detected during service.,2.3,2.1,1 instrument tech,INST,4,
40000064,100-P-105A,PM01,2020-03-29,2020-04-16,2020-04-17,2020-04-17,CLSD,REPL MECH SEAL,"Seal leakage was observed prior to replacement, with seal pot level consistently dropping below acceptable limits. Mechanical seal was replaced to restore proper sealing and prevent further leakage. Equipment was tested and confirmed leak-free after the change-out.",7.5,6.0,2 fitters,MECH,1,
40000065,100-FV-102,PM02,2020-03-30,2020-04-21,2020-04-23,2020-04-23,CLSD,CALIBRATE CONTROL VALVE,Calibrated stripping steam flow control valve FV-102 to ensure accurate modulation of column stripping steam. Verified valve response and adjusted actuator settings. Valve operated within specified parameters after calibration.,4.0,5.0,1 instrument tech,INST,4,
40000066,100-FV-103,PM02,2020-03-30,2020-04-22,2020-04-24,2020-04-24,CLSD,CALIBRATE CONTROL VALVE,Calibrated FV-103 control valve on naphtha pumparound system. Verified valve response and signal accuracy. No deviations found; valve operating within specified parameters.,2.6,3.0,1 instrument tech,INST,4,
40000067,100-FV-101,PM02,2020-04-09,2020-04-20,2020-04-21,2020-04-21,CLSD,CALIBRATE CONTROL VALVE,Calibrated FV-101 control valve to ensure accurate flow regulation of crude charge. Valve was passing without leaks during testing. All parameters verified and within operational limits. Job completed and valve returned to service.,3.5,3.0,1 instrument tech,INST,4,
40000068,100-P-101B,PM02,2020-07-08,2020-08-01,2020-08-03,2020-08-03,CLSD,VIB CHECK LUBE SEAL INSP,"Performed vibration check and inspected lube seal on crude charge pump B (P-101B). No abnormalities detected, seal condition healthy. Equipment operating within normal parameters.",3.6,4.3,"1 fitter, 1 inspector",MECH,3,
40000069,100-P-101A,PM02,2020-07-10,2020-07-28,2020-07-29,2020-07-29,CLSD,VIB CHECK LUBE SEAL INSP,Performed vibration check on lube seal of crude charge pump P-101A. No abnormal vibration detected. Seal condition within acceptable limits. Maintenance completed as scheduled.,4.0,4.1,"1 fitter, 1 inspector",MECH,3,
40000070,100-P-103A,PM02,2020-07-12,2020-08-02,2020-08-04,2020-08-04,CLSD,VIB CHECK LUBE SEAL INSP,Performed vibration check on overhead reflux pump P-103A. Inspected lubrication and mechanical seal for wear and leaks. No abnormalities detected during inspection. Equipment operating within normal parameters.,3.8,4.3,"1 fitter, 1 inspector",MECH,4,
40000071,100-P-105B,PM02,2020-07-13,2020-08-05,2020-08-07,2020-08-07,CLSD,VIB CHECK LUBE SEAL INSP,Performed vibration check and inspected lube seal on Naphtha product pump B during naphtha rundown. No abnormalities detected. Equipment operating within normal parameters.,3.5,2.9,"1 fitter, 1 inspector",MECH,4,
40000072,100-P-106B,PM02,2020-07-14,2020-08-06,2020-08-08,2020-08-08,CLSD,VIB CHECK LUBE SEAL INSP,"Performed vibration check and inspected lube seal on diesel product pump B (P-106B). No abnormalities detected, equipment operating within normal parameters. Routine maintenance completed as scheduled.",3.4,3.9,"1 fitter, 1 inspector",MECH,4,
40000073,100-P-102A,PM02,2020-07-15,2020-08-01,2020-08-02,2020-08-01,CLSD,VIB CHECK LUBE SEAL INSP,Performed vibration check and inspected lube seal on desalter water pump P-102A. Noted minor seal leakage; monitored condition during operation. No immediate action required.,3.7,4.5,"1 fitter, 1 inspector",MECH,3,
40000074,100-P-102B,PM02,2020-07-15,2020-08-02,2020-08-04,2020-08-05,CLSD,VIB CHECK LUBE SEAL INSP,Performed vibration check and inspected lube seal on desalter water pump B. No abnormalities detected. Equipment operating within normal parameters. Maintenance completed as scheduled.,4.7,5.4,"1 fitter, 1 inspector",MECH,3,
40000075,100-P-104A,PM02,2020-07-16,2020-08-03,2020-08-04,2020-08-03,CLSD,VIB CHECK LUBE SEAL INSP,"Performed vibration check and inspected lube seal on Atmospheric residue bottoms pump A (P-104A). No abnormalities detected, equipment operating within normal parameters. Seal condition verified healthy, no leaks observed. Maintenance completed as scheduled.",4.6,5.4,"1 fitter, 1 inspector",MECH,3,
40000076,100-P-103B,PM02,2020-07-20,2020-08-03,2020-08-05,2020-08-05,CLSD,VIB CHECK LUBE SEAL INSP,Performed vibration check and inspected lubrication seal on overhead reflux pump B (P-103B). No abnormalities detected. Equipment operating within normal parameters.,3.7,3.5,"1 fitter, 1 inspector",MECH,3,
40000077,100-P-104B,PM02,2020-07-21,2020-08-04,2020-08-05,2020-08-06,CLSD,VIB CHECK LUBE SEAL INSP,"Performed vibration check and inspected lube seal on atmospheric residue bottoms pump B (P-104B). No abnormalities detected, seal condition healthy. Equipment operating within normal parameters during service.",3.0,2.9,"1 fitter, 1 inspector",MECH,3,
40000078,100-P-106A,PM02,2020-07-23,2020-08-05,2020-08-06,2020-08-05,CLSD,VIB CHECK LUBE SEAL INSP,"Performed vibration check on diesel product pump A (P-106A). Inspected lubrication and seal condition. No abnormalities detected, unit running healthy.",4.8,3.7,"1 fitter, 1 inspector",MECH,4,
40000079,100-P-105A,PM02,2020-07-25,2020-08-04,2020-08-06,2020-08-07,CLSD,VIB CHECK LUBE SEAL INSP,Performed vibration check and inspected lube seal on Naphtha product pump A (P-105A) during naphtha rundown. No abnormal vibrations detected. Seal showed minor wear but no active leaks. Equipment operating within normal parameters.,4.3,3.6,"1 fitter, 1 inspector",MECH,3,
40000080,100-PSV-105,PM03,2020-09-03,2020-10-07,2020-10-10,2020-10-09,CLSD,PSV POP TEST CERT,"Performed pop test on PSV-105 as per schedule. Valve operated within set pressure limits, no leaks detected. Certification completed and documented. Equipment confirmed healthy and operational.",4.9,4.4,"1 tech, 1 inspector",INSP,1,TA-2020
40000081,100-E-108,PM03,2020-09-05,2020-10-10,2020-10-18,2020-10-19,CLSD,TA OPEN CLEAN INSPECT RGKT,Performed cleaning and inspection of the two-bundle overhead trim condenser E-108. Verified integrity of tubes and removed any deposits. No leaks or damages found. Equipment returned to service in healthy condition.,20.7,23.6,"3 fitters, 1 inspector, 1 crane op",MECH,1,TA-2020
40000082,100-V-101,PM03,2020-09-05,2020-10-08,2020-10-14,2020-10-14,CLSD,TA INTERNAL INSP CLEAN,Performed internal inspection and cleaning of electrostatic desalter vessel. Removed accumulated deposits and checked for wall loss. No significant corrosion found. Equipment returned to service.,45.6,46.9,"3 fitters, 2 inspectors, 1 scaffolder",MECH,1,TA-2020
40000083,100-PSV-106,PM03,2020-09-08,2020-10-08,2020-10-11,2020-10-11,CLSD,PSV POP TEST CERT,"Performed pop test on PSV-106 residue flash drum as per certification requirements. Valve operated within set pressure limits, no leaks detected. Test completed and documented on 2020-10-08.",4.3,4.0,"1 tech, 1 inspector",INSP,1,TA-2020
40000084,100-E-106,PM03,2020-09-11,2020-10-08,2020-10-12,2020-10-13,CLSD,TA OPEN CLEAN INSPECT RGKT,Performed cleaning of bundle on both shell and tube sides due to heavy fouling. Inspected exchanger thoroughly for damage and leaks. Replaced all gaskets to ensure proper sealing. Job completed and equipment returned to service.,20.8,24.6,"3 fitters, 1 inspector, 1 crane op",MECH,1,TA-2020
40000085,100-E-109,PM03,2020-09-11,2020-10-11,2020-10-19,2020-10-18,CLSD,TA OPEN CLEAN INSPECT RGKT,Performed thorough cleaning of Naphtha/Crude interchanger E-109 to remove fouling deposits. Inspected tube bundle and shell for signs of corrosion and damage. RGKT readings taken and recorded; no abnormalities found. Equipment returned to service in good condition.,23.6,19.1,"3 fitters, 1 inspector, 1 crane op",MECH,1,TA-2020
40000086,100-E-111,PM03,2020-09-11,2020-10-16,2020-10-19,2020-10-20,CLSD,TA OPEN CLEAN INSPECT RGKT,Cleaned and inspected the diesel product / BFW exchanger (E-111). Verified all cooling passages were clear and free of deposits. No abnormalities found during inspection. Equipment returned to service in healthy condition.,18.4,17.7,"3 fitters, 1 inspector, 1 crane op",MECH,1,TA-2020
40000087,100-D-104,PM03,2020-09-14,2020-10-17,2020-10-21,2020-10-20,CLSD,TA INTERNAL INSP CLEAN,Performed internal inspection and cleaning of residue flash drum D-104. No abnormalities found. Equipment returned to service.,41.9,33.3,"3 fitters, 2 inspectors, 1 scaffolder",MECH,1,TA-2020
40000088,100-E-107,PM03,2020-09-14,2020-10-09,2020-10-16,2020-10-17,CLSD,TA OPEN CLEAN INSPECT RGKT,Performed cleaning and inspection of the overhead naphtha condenser E-107. Removed fouling deposits causing slow condensing. Verified RGKT condition and ensured proper flow. Equipment returned to service with improved performance.,21.1,24.0,"3 fitters, 1 inspector, 1 crane op",MECH,1,TA-2020
40000089,100-E-110,PM03,2020-09-14,2020-10-15,2020-10-22,2020-10-23,CLSD,TA OPEN CLEAN INSPECT RGKT,Performed thorough cleaning and inspection of kerosene stripper reboiler E-110. Identified wall thinning in the reboiler jacket area. No leaks detected. Equipment returned to service without issues.,22.2,24.4,"3 fitters, 1 inspector, 1 crane op",MECH,1,TA-2020
40000090,100-C-101,PM03,2020-09-16,2020-10-13,2020-10-20,2020-10-19,CLSD,TA INTERNAL TRAY INSP,Inspected internal trays of atmospheric distillation column C-101 for integrity and fouling. No significant damage or corrosion found. Cleaned trays and ensured proper alignment. Equipment returned to service without issues.,94.4,79.1,"4 fitters, 2 inspectors, 2 scaffolders, 1 crane op",MECH,1,TA-2020
40000091,100-D-102,PM03,2020-09-16,2020-10-15,2020-10-22,2020-10-21,CLSD,TA INTERNAL INSP CLEAN,Performed internal inspection and cleaning of kerosene stripper D-102. No abnormalities found. Equipment confirmed healthy and operational.,57.9,70.6,"3 fitters, 2 inspectors, 1 scaffolder",MECH,1,TA-2020
40000092,100-E-105,PM03,2020-09-16,2020-10-07,2020-10-11,2020-10-11,CLSD,TA OPEN CLEAN INSPECT RGKT,Performed thorough cleaning of exchanger E-105 to remove fouling deposits. Inspected all tubes and shell for signs of corrosion and leaks. Verified flow rates and temperature profiles post-cleaning. Equipment returned to service with improved heat transfer efficiency.,22.2,27.4,"3 fitters, 1 inspector, 1 crane op",MECH,1,TA-2020
40000093,100-PSV-101,PM03,2020-09-19,2020-10-15,2020-10-21,2020-10-21,CLSD,PSV POP TEST CERT,"Performed proof pressure test on PSV-101 as per schedule. Valve operated within set parameters, no leaks detected. Certification completed and documented in TA-2020. Equipment confirmed healthy and serviceable.",3.7,3.8,"1 tech, 1 inspector",INSP,1,TA-2020
40000094,100-D-101,PM03,2020-09-21,2020-10-14,2020-10-18,2020-10-18,CLSD,TA INTERNAL INSP CLEAN,"Performed internal inspection and cleaning of overhead reflux drum D-101. No abnormalities found, equipment in healthy condition. All surfaces free of deposits and corrosion. Job completed as per TA-2020.",49.4,58.3,"3 fitters, 2 inspectors, 1 scaffolder",MECH,1,TA-2020
40000095,100-E-102,PM03,2020-09-21,2020-10-16,2020-10-23,2020-10-22,CLSD,TA OPEN CLEAN INSPECT RGKT,Performed open cleaning and inspection of exchanger bundle due to fast fouling on both shell and tube sides. Removed deposits and restored flow paths. Replaced all gaskets to ensure proper sealing. Unit returned to service without leaks.,20.5,16.8,"3 fitters, 1 inspector, 1 crane op",MECH,1,TA-2020
40000096,100-PSV-103,PM03,2020-09-21,2020-10-17,2020-10-23,2020-10-22,CLSD,PSV POP TEST CERT,"Performed pop test on PSV-103 to verify set pressure and reseat functionality. Valve operated within specified parameters, no leaks detected. Certification completed and documented as per TA-2020. Equipment confirmed healthy and serviceable.",3.1,3.1,"1 tech, 1 inspector",INSP,1,TA-2020
40000097,100-D-103,PM03,2020-09-22,2020-10-16,2020-10-21,2020-10-22,CLSD,TA INTERNAL INSP CLEAN,"Performed internal inspection and cleaning of diesel stripper D-103. No abnormalities found, equipment in healthy condition. All tasks completed as per schedule.",54.4,63.4,"3 fitters, 2 inspectors, 1 scaffolder",MECH,1,TA-2020
40000098,100-E-101,PM03,2020-09-23,2020-10-15,2020-10-22,2020-10-21,CLSD,TA OPEN CLEAN INSPECT RGKT,Performed cleaning and inspection of the bundle in exchanger E-101. Noted significant fouling on both shell and tube sides. Replaced all gaskets to ensure proper sealing. Job completed as per TA-2020.,22.9,25.2,"3 fitters, 1 inspector, 1 crane op",MECH,1,TA-2020
40000099,100-E-104,PM03,2020-09-23,2020-10-18,2020-10-21,2020-10-22,CLSD,TA OPEN CLEAN INSPECT RGKT,Performed cleaning and inspection of crude/diesel pumparound preheat exchanger #4 (E-104). Removed fouling deposits causing slow heat transfer. Verified tube bundle condition and ensured no leaks. Equipment returned to service without issues.,18.2,19.7,"3 fitters, 1 inspector, 1 crane op",MECH,1,TA-2020
40000100,100-PSV-102,PM03,2020-09-23,2020-10-16,2020-10-19,2020-10-18,CLSD,PSV POP TEST CERT,"Performed pop test on PSV-102 to verify set pressure and proper operation. Valve responded within specified limits, no leaks detected. Certification completed and documented. Equipment confirmed healthy and operational.",3.3,3.8,"1 tech, 1 inspector",INSP,1,TA-2020
40000101,100-E-103,PM03,2020-09-25,2020-10-17,2020-10-22,2020-10-22,CLSD,TA OPEN CLEAN INSPECT RGKT,Performed cleaning and inspection of crude/kerosene pumparound preheat exchanger #3 (E-103). Removed fouling deposits causing reduced heat transfer efficiency. Verified tube bundle condition; no leaks found. Equipment returned to service.,18.4,19.1,"3 fitters, 1 inspector, 1 crane op",MECH,1,TA-2020
40000102,100-H-101,PM03,2020-09-25,2020-10-18,2020-10-26,2020-10-27,CLSD,TA HEATER TUBE INSP,"Inspected heater tubes in crude fired heater H-101 for signs of wear, corrosion, and fouling. No leaks or significant damage detected. Tubes cleaned and integrity confirmed. Job completed as per TA-2020.",73.9,79.9,"3 fitters, 2 inspectors, 1 crane op",MECH,1,TA-2020
40000103,100-E-112,PM03,2020-09-26,2020-10-17,2020-10-24,2020-10-24,CLSD,TA OPEN CLEAN INSPECT RGKT,Cleaned and inspected residue rundown cooler E-112 as scheduled. No abnormalities found in gasket or tube bundle. Equipment operating within normal parameters. Job closed.,22.6,26.6,"3 fitters, 1 inspector, 1 crane op",MECH,1,TA-2020
40000104,100-PSV-104,PM03,2020-09-26,2020-10-18,2020-10-24,2020-10-25,CLSD,PSV POP TEST CERT,Performed pop test on PSV-104 to verify set pressure and reseat accuracy. Valve operated within specified limits. No leaks or mechanical issues detected. Certificate issued and documented.,3.9,3.2,"1 tech, 1 inspector",INSP,1,TA-2020
40000105,100-P-102A,PM02,2021-01-15,2021-02-01,2021-02-03,2021-02-02,CLSD,VIB CHECK LUBE SEAL INSP,"Performed vibration check and inspected lube seal on desalter water pump P-102A. Identified minor seal leakage, cleaned area and monitored condition. No immediate repairs required.",3.3,2.6,"1 fitter, 1 inspector",MECH,3,
40000106,100-P-101A,PM02,2021-01-18,2021-01-28,2021-01-30,2021-01-29,CLSD,VIB CHECK LUBE SEAL INSP,Performed vibration check on lube seal of crude charge pump P-101A. Inspected seal condition and lubrication status. No abnormalities detected during inspection. Equipment operating within normal vibration limits.,4.3,3.6,"1 fitter, 1 inspector",MECH,3,
40000107,100-P-105A,PM02,2021-01-18,2021-02-04,2021-02-06,2021-02-07,CLSD,VIB CHECK LUBE SEAL INSP,Performed vibration check on lube seal of Naphtha product pump A (P-105A) during naphtha rundown. No abnormal vibrations detected. Seal condition inspected and found within operational limits. No leaks observed at time of inspection.,3.1,2.7,"1 fitter, 1 inspector",MECH,4,
40000108,100-P-103A,PM02,2021-01-23,2021-02-02,2021-02-04,2021-02-05,CLSD,VIB CHECK LUBE SEAL INSP,Performed vibration check on overhead reflux pump A (P-103A). Inspected lubrication seal for wear and leaks. No abnormalities detected during inspection. Equipment operating within normal vibration limits.,3.2,3.8,"1 fitter, 1 inspector",MECH,3,
40000109,100-LV-101,PM02,2021-02-11,2021-03-07,2021-03-08,2021-03-09,CLSD,CALIBRATE CONTROL VALVE,Calibrated reflux drum level control valve LV-101 to ensure accurate overhead accumulator level regulation. Verified valve response and adjusted settings for optimal performance. No anomalies detected during calibration.,2.6,2.6,1 instrument tech,INST,4,
40000110,100-LV-102,PM02,2021-02-19,2021-03-08,2021-03-10,2021-03-09,CLSD,CALIBRATE CONTROL VALVE,Calibrated column bottoms level control valve LV-102 to ensure accurate level control. Verified valve response and adjusted settings as required. Equipment operating within normal parameters after calibration.,2.2,2.5,1 instrument tech,INST,4,
40000111,100-PV-101,PM02,2021-02-25,2021-03-11,2021-03-12,2021-03-12,CLSD,CALIBRATE CONTROL VALVE,Calibrated column overhead pressure control valve PV-101 as scheduled. Verified setpoints and adjusted actuator response for optimal pressure control. Valve operated within specified parameters after calibration. No abnormalities detected during the procedure.,3.4,2.6,1 instrument tech,INST,3,
40000112,100-TV-101,PM02,2021-02-27,2021-03-15,2021-03-16,2021-03-17,CLSD,CALIBRATE CONTROL VALVE,Calibrated desalter temperature control valve TV-101 to ensure accurate temperature regulation. Verified valve response and adjusted setpoints as per specifications. Valve operated within normal parameters after calibration.,3.0,2.4,1 instrument tech,INST,4,
40000113,100-PV-102,PM02,2021-02-28,2021-03-12,2021-03-13,2021-03-12,CLSD,CALIBRATE CONTROL VALVE,Calibrated fuel gas pressure control valve PV-102 as per schedule. Verified setpoint accuracy and adjusted actuator response. Valve operated within specified parameters after calibration. No leaks or mechanical issues detected.,3.7,3.4,1 instrument tech,INST,3,
40000114,100-V-101,PM02,2021-03-18,2021-04-10,2021-04-11,2021-04-12,CLSD,EXT INSP LUBE CONDITION,Performed external inspection of lube system on Electrostatic desalter V-101. Checked for signs of wall loss and corrosion. No leaks or abnormalities found. Equipment operating within normal parameters.,7.3,6.3,"1 inspector, 1 fitter",INSP,3,
40000115,100-C-101,PM02,2021-03-24,2021-04-16,2021-04-18,2021-04-18,CLSD,EXT INSP LUBE CONDITION,External inspection of lubrication system completed. No leaks or contamination found. Bearings and seals in good condition. Lubricant levels checked and within acceptable range.,7.5,9.4,"1 inspector, 1 fitter",INSP,4,
40000116,100-D-103,PM02,2021-03-29,2021-04-19,2021-04-21,2021-04-22,CLSD,EXT INSP LUBE CONDITION,Performed external inspection of diesel stripper D-103. Verified lubrication condition; no abnormalities found. Equipment operated within normal parameters during service. No leaks or wear detected.,7.0,8.3,"1 inspector, 1 fitter",INSP,3,
40000117,100-E-110,PM02,2021-03-29,2021-04-18,2021-04-20,2021-04-20,CLSD,EXT INSP LUBE CONDITION,"External inspection of kerosene stripper reboiler E-110 completed. Noted moderate wall thinning on lower shell section. Lubrication system checked, no leaks detected. No immediate repairs required; continue monitoring condition.",4.2,4.4,"1 inspector, 1 fitter",INSP,3,
40000118,100-D-102,PM02,2021-03-31,2021-04-18,2021-04-20,2021-04-21,CLSD,EXT INSP LUBE CONDITION,Performed external inspection of kerosene stripper D-102 focusing on lube condition. Found no leaks or contamination. Lubrication levels within acceptable range. Equipment operating normally.,7.7,6.7,"1 inspector, 1 fitter",INSP,4,
40000119,100-D-104,PM02,2021-03-31,2021-04-20,2021-04-22,2021-04-22,CLSD,EXT INSP LUBE CONDITION,Completed external inspection of lube condition on residue flash drum D-104. No leaks or abnormalities detected. Lubrication levels within normal range. Equipment operating healthy and stable.,5.9,4.9,"1 inspector, 1 fitter",INSP,4,
40000120,100-E-101,PM02,2021-03-31,2021-04-18,2021-04-20,2021-04-21,CLSD,EXT INSP LUBE CONDITION,Performed external inspection of lube condition on crude preheat exchanger E-101. No leaks or contamination observed. Lube system components intact and functioning properly. Equipment operating within normal parameters.,6.5,7.3,"1 inspector, 1 fitter",INSP,3,
40000121,100-E-111,PM02,2021-04-01,2021-04-19,2021-04-21,2021-04-21,CLSD,EXT INSP LUBE CONDITION,"Performed external inspection of lube condition on diesel product / BFW exchanger E-111. No abnormalities found, lubrication system operating within normal parameters. Equipment confirmed healthy and fully functional.",6.6,6.0,"1 inspector, 1 fitter",INSP,4,
40000122,100-E-112,PM02,2021-04-01,2021-04-20,2021-04-22,2021-04-21,CLSD,EXT INSP LUBE CONDITION,External inspection of lube system completed on residue rundown cooler E-112. No leaks or contamination found. Lubricant condition verified as within acceptable limits. Equipment operating normally.,6.1,5.1,"1 inspector, 1 fitter",INSP,3,
40000123,100-FV-103,PM02,2021-04-01,2021-04-22,2021-04-24,2021-04-25,CLSD,CALIBRATE CONTROL VALVE,Calibrated FV-103 control valve on naphtha pumparound line. Verified valve response and adjusted setpoints to meet operating parameters. Valve performance confirmed within tolerance.,2.9,3.3,1 instrument tech,INST,4,
40000124,100-E-105,PM02,2021-04-02,2021-04-22,2021-04-24,2021-04-23,CLSD,EXT INSP LUBE CONDITION,Performed external inspection of lube condition on crude/AGO preheat exchanger #5. Noted slow fouling buildup affecting heat transfer efficiency. No immediate action required; monitor fouling trend during next service interval.,4.5,5.5,"1 inspector, 1 fitter",INSP,3,
40000125,100-H-101,PM02,2021-04-02,2021-04-21,2021-04-22,2021-04-23,CLSD,EXT INSP LUBE CONDITION,External inspection of crude fired heater H-101 completed. Lube condition checked and found within acceptable limits. No abnormalities detected during inspection. Equipment operating normally.,5.1,4.1,"1 inspector, 1 fitter",INSP,4,
40000126,100-E-102,PM02,2021-04-03,2021-04-19,2021-04-20,2021-04-19,CLSD,EXT INSP LUBE CONDITION,Performed external inspection of lube condition on crude/atmospheric residue preheat exchanger #2. No abnormalities found. Equipment showed signs of fast fouling consistent with service history. Cleaning scheduled during next turnaround.,4.2,3.7,"1 inspector, 1 fitter",INSP,3,
40000127,100-E-109,PM02,2021-04-03,2021-04-26,2021-04-28,2021-04-27,CLSD,EXT INSP LUBE CONDITION,"Performed external inspection of lube system on Naphtha/Crude Interchanger E-109. Checked for leaks, contamination, and oil level consistency. No abnormalities found; lubrication condition within acceptable parameters. Equipment operating normally with no signs of accelerated wear.",8.0,9.5,"1 inspector, 1 fitter",INSP,3,
40000128,100-FV-102,PM02,2021-04-03,2021-04-21,2021-04-22,2021-04-21,CLSD,CALIBRATE CONTROL VALVE,Calibrated stripping steam flow control valve FV-102 to ensure accurate modulation of column stripping steam. Verified valve response and adjusted setpoints as required. Valve operated within specified parameters after calibration.,2.6,2.7,1 instrument tech,INST,3,
40000129,100-E-108,PM02,2021-04-04,2021-04-25,2021-04-26,2021-04-26,CLSD,EXT INSP LUBE CONDITION,External inspection of lubrication system completed on overhead trim condenser E-108. No leaks or contamination found. Lubricant condition verified as within acceptable parameters. Equipment operating normally.,7.7,6.2,"1 inspector, 1 fitter",INSP,3,
40000130,100-FV-101,PM02,2021-04-04,2021-04-20,2021-04-22,2021-04-21,CLSD,CALIBRATE CONTROL VALVE,Calibrated crude charge flow control valve FV-101. Verified valve response and adjusted setpoints to specification. Confirmed proper operation with no leaks or deviations. Job completed and valve returned to service.,2.9,2.9,1 instrument tech,INST,4,
40000131,100-D-101,PM02,2021-04-05,2021-04-17,2021-04-18,2021-04-17,CLSD,EXT INSP LUBE CONDITION,External inspection of overhead reflux drum completed. Lubrication condition verified and found satisfactory. No abnormalities detected during the check. Equipment remains healthy and operational.,7.2,8.7,"1 inspector, 1 fitter",INSP,4,
40000132,100-E-103,PM02,2021-04-06,2021-04-20,2021-04-22,2021-04-21,CLSD,EXT INSP LUBE CONDITION,External inspection completed on E-103 pumparound exchanger. Lube condition checked and found within acceptable limits. No abnormalities or leaks detected. Unit returned to service.,6.4,5.3,"1 inspector, 1 fitter",INSP,4,
40000133,100-E-104,PM02,2021-04-07,2021-04-21,2021-04-23,2021-04-22,CLSD,EXT INSP LUBE CONDITION,"External inspection performed on lube condition of crude/diesel pumparound preheat exchanger #4 (E-104). No abnormalities detected. Lubrication system clean, no leaks or contamination observed. Equipment operating within normal parameters.",7.7,6.4,"1 inspector, 1 fitter",INSP,3,
40000134,100-E-107,PM02,2021-04-09,2021-04-24,2021-04-26,2021-04-25,CLSD,EXT INSP LUBE CONDITION,"Performed external inspection of lube condition on overhead naphtha condenser E-107. Noted slow fouling on condensing surfaces, cleaned as necessary. No leaks or damage observed. Equipment returned to service without issues.",5.5,6.0,"1 inspector, 1 fitter",INSP,3,
40000135,100-E-106,PM02,2021-04-13,2021-04-23,2021-04-24,2021-04-23,CLSD,EXT INSP LUBE CONDITION,Performed external inspection of lube condition on crude preheat exchanger #6. No abnormalities detected. Equipment operating within normal parameters. No further action required.,7.3,6.6,"1 inspector, 1 fitter",INSP,3,
40000136,100-P-101B,PM02,2021-04-13,2021-05-01,2021-05-03,2021-05-02,CLSD,VIB CHECK LUBE SEAL INSP,Performed vibration check on crude charge pump B. Inspected lube seal for leaks and wear. No abnormalities found; equipment operating within normal parameters.,4.1,4.6,"1 fitter, 1 inspector",MECH,4,
40000137,100-P-106A,PM02,2021-04-13,2021-05-05,2021-05-06,2021-05-05,CLSD,VIB CHECK LUBE SEAL INSP,Performed vibration check and inspected lube seal on Diesel product pump A (P-106A). No abnormalities detected. Equipment operating within normal parameters.,4.7,3.9,"1 fitter, 1 inspector",MECH,4,
40000138,100-P-106B,PM02,2021-04-17,2021-05-06,2021-05-08,2021-05-08,CLSD,VIB CHECK LUBE SEAL INSP,Performed vibration check and inspected lube seal on diesel product pump B (P-106B). No abnormalities detected. Equipment operating within normal parameters.,3.7,2.9,"1 fitter, 1 inspector",MECH,3,
40000139,100-P-104A,PM02,2021-04-18,2021-05-03,2021-05-04,2021-05-03,CLSD,VIB CHECK LUBE SEAL INSP,Performed vibration check and inspected lube seal on atmospheric residue bottoms pump P-104A. No abnormalities detected. Equipment operating within normal parameters.,4.6,5.4,"1 fitter, 1 inspector",MECH,4,
40000140,100-P-101A,PM01,2021-04-19,2021-05-11,2021-05-13,2021-05-14,CLSD,REPL BRG DE COUPLE,"Detected high vibration levels on crude charge pump A before bearing replacement. Removed and replaced bearing on coupling. Post-maintenance vibration readings showed significant reduction, confirming successful repair.",9.8,10.2,"2 fitters, 1 millwright",MECH,1,
40000141,100-P-102B,PM02,2021-04-22,2021-05-02,2021-05-04,2021-05-05,CLSD,VIB CHECK LUBE SEAL INSP,Performed vibration check on lube seal of desalter water pump B. No abnormalities detected. Seal condition healthy and operating within normal parameters. Equipment returned to service without issues.,3.0,3.7,"1 fitter, 1 inspector",MECH,4,
40000142,100-P-103B,PM02,2021-04-22,2021-05-03,2021-05-04,2021-05-05,CLSD,VIB CHECK LUBE SEAL INSP,Performed vibration check on overhead reflux pump B. Lubrication of seal completed as per schedule. Inspected seal condition; found within normal parameters. No abnormalities detected during service.,4.3,4.7,"1 fitter, 1 inspector",MECH,3,
40000143,100-P-105B,PM02,2021-04-23,2021-05-05,2021-05-07,2021-05-08,CLSD,VIB CHECK LUBE SEAL INSP,Performed vibration check on lube seal of Naphtha product pump B during naphtha rundown. No abnormalities detected. Seal condition confirmed healthy. Equipment operating within normal parameters.,4.9,6.0,"1 fitter, 1 inspector",MECH,4,
40000144,100-P-104B,PM02,2021-04-24,2021-05-04,2021-05-06,2021-05-07,CLSD,VIB CHECK LUBE SEAL INSP,Performed vibration check on lube seal of atmospheric residue bottoms pump B (P-104B). No abnormalities detected. Seal condition verified healthy. Equipment operating within normal parameters.,3.3,2.7,"1 fitter, 1 inspector",MECH,4,
40000145,100-P-102A,PM01,2021-06-03,2021-06-22,2021-06-24,2021-06-24,CLSD,REPL MECH SEAL,Seal leakage was observed on Desalter water pump A (P-102A) causing a drop in seal pot level. Mechanical seal was replaced to restore proper sealing. Pump was tested and returned to service without leaks.,8.7,9.7,2 fitters,MECH,2,
40000146,100-P-102A,PM02,2021-07-09,2021-08-01,2021-08-03,2021-08-02,CLSD,VIB CHECK LUBE SEAL INSP,"Performed vibration check and inspected lube seal on Desalter water pump A (P-102A). Identified minor seal leakage, monitored condition throughout operation. No immediate repairs required, continued routine observation.",3.1,2.5,"1 fitter, 1 inspector",MECH,4,
40000147,100-P-101A,PM02,2021-07-16,2021-07-28,2021-07-30,2021-07-31,CLSD,VIB CHECK LUBE SEAL INSP,Performed vibration check on lube seal of crude charge pump A (P-101A). Inspected seal condition and monitored vibration levels. No abnormalities detected during inspection.,3.9,3.5,"1 fitter, 1 inspector",MECH,4,
40000148,100-P-105A,PM02,2021-07-19,2021-08-04,2021-08-06,2021-08-06,CLSD,VIB CHECK LUBE SEAL INSP,Performed vibration check and inspected lube seal on Naphtha product pump A (P-105A) during naphtha rundown. No abnormal vibrations detected. Seal showed minor wear but no leaks observed. Equipment operating within normal parameters.,3.4,2.7,"1 fitter, 1 inspector",MECH,3,
40000149,100-P-103A,PM02,2021-07-20,2021-08-02,2021-08-04,2021-08-03,CLSD,VIB CHECK LUBE SEAL INSP,Performed vibration check on overhead reflux pump P-103A. Inspected lubrication and seal condition. No abnormalities detected. Equipment operating within normal parameters.,3.8,3.7,"1 fitter, 1 inspector",MECH,3,
40000150,100-E-106,PM01,2021-08-09,2021-08-23,2021-08-24,2021-08-23,CLSD,CLEAN BUNDLE REPL GASKET,Cleaned bundle on crude preheat exchanger E-106 due to fast fouling observed on both shell and tube sides. Replaced gasket to ensure proper sealing. Equipment returned to service without leaks.,15.1,12.1,"2 fitters, 1 inspector, 1 crane op",MECH,2,
40000151,100-P-103A,PM01,2021-09-14,2021-10-07,2021-10-08,2021-10-09,CLSD,REPL BRG DE COUPLE,"High vibration detected on overhead reflux pump A prior to maintenance. Replaced bearing on drive couple. Vibration readings dropped significantly after bearing replacement, confirming issue resolution. Equipment operating within normal parameters post-service.",10.8,11.7,"2 fitters, 1 millwright",MECH,2,
40000152,100-E-101,PM01,2021-10-18,2021-11-08,2021-11-10,2021-11-09,CLSD,CLEAN BUNDLE REPL GASKET,Performed cleaning of bundle due to fast fouling on both shell and tube sides. Replaced gasket to ensure proper sealing. Equipment returned to service without issues.,14.3,12.8,"2 fitters, 1 inspector, 1 crane op",MECH,2,
40000153,100-P-105A,PM01,2021-11-22,2021-12-09,2021-12-12,2021-12-13,CLSD,REPL MECH SEAL,Seal leakage was observed on the naphtha product pump A (P-105A) during the rundown. Seal pot level was low prior to replacement. Mechanical seal was replaced successfully. No further leaks detected after change-out.,6.9,7.1,2 fitters,MECH,2,
40000154,100-P-101A,PM02,2022-01-10,2022-01-28,2022-01-29,2022-01-30,CLSD,VIB CHECK LUBE SEAL INSP,Performed vibration check on lube seal of crude charge pump A (P-101A). Inspected seal condition and recorded vibration levels. No abnormalities detected during inspection.,4.4,4.7,"1 fitter, 1 inspector",MECH,4,
40000155,100-P-103A,PM02,2022-01-10,2022-02-02,2022-02-04,2022-02-04,CLSD,VIB CHECK LUBE SEAL INSP,Performed vibration check on overhead reflux pump P-103A. Inspected lubrication and mechanical seal condition. No abnormalities detected; equipment operating within normal parameters.,4.7,4.3,"1 fitter, 1 inspector",MECH,4,
40000156,100-P-103B,PM02,2022-01-11,2022-02-03,2022-02-04,2022-02-05,CLSD,VIB CHECK LUBE SEAL INSP,Performed vibration check on overhead reflux pump B. Lubricated seal as per schedule. Inspected seal condition; found within normal parameters. No abnormalities detected during service.,4.6,5.4,"1 fitter, 1 inspector",MECH,4,
40000157,100-P-101B,PM02,2022-01-13,2022-02-01,2022-02-03,2022-02-02,CLSD,VIB CHECK LUBE SEAL INSP,Performed vibration check and inspected lube seal on crude charge pump B (P-101B). No abnormalities detected. Equipment operating within normal parameters.,3.6,3.0,"1 fitter, 1 inspector",MECH,4,
40000158,100-P-102B,PM02,2022-01-13,2022-02-02,2022-02-04,2022-02-04,CLSD,VIB CHECK LUBE SEAL INSP,Performed vibration check on lube seal of desalter water pump B (P-102B). No abnormal vibrations detected. Seal condition inspected and found healthy. Equipment operating within normal parameters.,3.6,3.8,"1 fitter, 1 inspector",MECH,4,
40000159,100-P-104A,PM02,2022-01-13,2022-02-03,2022-02-04,2022-02-04,CLSD,VIB CHECK LUBE SEAL INSP,Performed vibration check on lube seal of atmospheric residue bottoms pump A (P-104A). Seal condition verified healthy with no abnormalities detected. Equipment operated within normal vibration limits throughout inspection. No further action required.,5.0,4.2,"1 fitter, 1 inspector",MECH,3,
40000160,100-P-102A,PM02,2022-01-15,2022-02-01,2022-02-03,2022-02-03,CLSD,VIB CHECK LUBE SEAL INSP,"Performed vibration check and inspected lube seal on Desalter water pump A (P-102A). Identified minor seal leak, monitored condition. No immediate action required, pump operated within normal parameters.",4.2,4.9,"1 fitter, 1 inspector",MECH,3,
40000161,100-P-105A,PM02,2022-01-19,2022-02-04,2022-02-05,2022-02-04,CLSD,VIB CHECK LUBE SEAL INSP,Performed vibration check and inspected lube seal on Naphtha product pump A (P-105A) during naphtha rundown. No abnormal vibrations detected. Seal showed minor wear but no active leaks. Equipment operating within normal parameters.,4.7,4.3,"1 fitter, 1 inspector",MECH,3,
40000162,100-P-104B,PM02,2022-01-21,2022-02-04,2022-02-06,2022-02-06,CLSD,VIB CHECK LUBE SEAL INSP,"Performed vibration check on lube seal of atmospheric residue bottoms pump B (P-104B). No abnormalities detected. Seal condition healthy, no leaks observed. Equipment operating within normal parameters.",4.6,3.7,"1 fitter, 1 inspector",MECH,4,
40000163,100-P-106B,PM02,2022-01-21,2022-02-06,2022-02-08,2022-02-08,CLSD,VIB CHECK LUBE SEAL INSP,"Performed vibration check on lube seal of diesel product pump B (P-106B). No abnormalities detected. Seal condition healthy, no leaks observed. Equipment operating within normal parameters.",4.5,4.6,"1 fitter, 1 inspector",MECH,3,
40000164,100-P-105B,PM02,2022-01-24,2022-02-05,2022-02-07,2022-02-08,CLSD,VIB CHECK LUBE SEAL INSP,"Performed vibration check and lubrication seal inspection on Naphtha product pump B during naphtha rundown. No abnormalities detected, equipment operating within normal parameters. Maintenance completed and unit returned to service.",3.7,3.0,"1 fitter, 1 inspector",MECH,4,
40000165,100-P-106A,PM02,2022-01-25,2022-02-05,2022-02-07,2022-02-08,CLSD,VIB CHECK LUBE SEAL INSP,Performed vibration check and inspected lubrication seal on diesel product pump A (P-106A). No abnormalities detected. Equipment operating within normal parameters.,3.8,3.7,"1 fitter, 1 inspector",MECH,3,
40000166,100-E-102,PM01,2022-01-30,2022-02-14,2022-02-16,2022-02-17,CLSD,CLEAN BUNDLE REPL GASKET,Cleaned bundle on both shell and tube sides due to heavy fouling. Replaced gasket to ensure proper sealing. Equipment returned to service without issues.,16.2,14.3,"2 fitters, 1 inspector, 1 crane op",MECH,2,
40000167,100-PV-102,PM02,2022-02-16,2022-03-12,2022-03-13,2022-03-12,CLSD,CALIBRATE CONTROL VALVE,Calibrated fuel gas pressure control valve PV-102 on heater fuel gas line. Verified setpoint accuracy and response time. Valve operated within specified parameters. No deviations found during calibration.,2.1,2.6,1 instrument tech,INST,3,
40000168,100-LV-102,PM02,2022-02-19,2022-03-08,2022-03-10,2022-03-09,CLSD,CALIBRATE CONTROL VALVE,Calibrated column bottoms level control valve LV-102 as scheduled. Verified valve response and adjusted setpoints to ensure accurate level control. No abnormalities detected during calibration. Equipment operating within normal parameters.,3.9,4.4,1 instrument tech,INST,3,
40000169,100-LV-101,PM02,2022-02-22,2022-03-07,2022-03-08,2022-03-08,CLSD,CALIBRATE CONTROL VALVE,Calibrated LV-101 control valve for overhead accumulator level. Verified signal response and adjusted setpoints to meet operational parameters. Valve operated within normal range after calibration. No leaks or faults detected during inspection.,3.4,2.6,1 instrument tech,INST,3,
40000170,100-TV-101,PM02,2022-02-22,2022-03-15,2022-03-16,2022-03-17,CLSD,CALIBRATE CONTROL VALVE,Calibrated desalter temperature control valve TV-101 to ensure accurate temperature regulation. Verified valve response and adjusted setpoints as required. Valve operated within specified parameters after calibration.,3.9,4.1,1 instrument tech,INST,4,
40000171,100-PV-101,PM02,2022-02-27,2022-03-11,2022-03-13,2022-03-13,CLSD,CALIBRATE CONTROL VALVE,Calibrated column overhead pressure control valve PV-101 as scheduled. Verified setpoint accuracy and response time. No deviations found; valve operating within normal parameters.,3.0,2.7,1 instrument tech,INST,3,
40000172,100-V-101,PM02,2022-03-26,2022-04-10,2022-04-11,2022-04-12,CLSD,EXT INSP LUBE CONDITION,Performed external inspection of lube system on electrostatic desalter V-101. Checked for signs of wall loss and corrosion. No abnormalities found. Equipment operating within normal parameters.,5.7,5.5,"1 inspector, 1 fitter",INSP,4,
40000173,100-E-103,PM02,2022-03-27,2022-04-20,2022-04-21,2022-04-20,CLSD,EXT INSP LUBE CONDITION,External inspection of lube condition completed on crude/kerosene pumparound preheat exchanger #3. No abnormalities detected. Lubrication system verified and found within operational parameters. Equipment returned to service.,6.4,4.9,"1 inspector, 1 fitter",INSP,3,
40000174,100-FV-101,PM02,2022-03-28,2022-04-20,2022-04-22,2022-04-22,CLSD,CALIBRATE CONTROL VALVE,Calibrated FV-101 control valve to ensure accurate flow regulation. Verified valve response and adjusted actuator settings. Valve passing confirmed during testing.,3.2,3.6,1 instrument tech,INST,3,
40000175,100-D-101,PM02,2022-03-29,2022-04-17,2022-04-18,2022-04-17,CLSD,EXT INSP LUBE CONDITION,External inspection of overhead reflux drum D-101 completed. Lube condition checked and found healthy. No abnormalities detected during inspection. Equipment operating within normal parameters.,5.0,4.1,"1 inspector, 1 fitter",INSP,4,
40000176,100-E-105,PM02,2022-03-29,2022-04-22,2022-04-23,2022-04-23,CLSD,EXT INSP LUBE CONDITION,Performed external inspection of lube condition on crude/AGO product preheat exchanger #5. Observed slow fouling buildup but no immediate action required. Lubrication system intact and functioning within normal parameters. Equipment operating as expected at time of inspection.,6.7,8.2,"1 inspector, 1 fitter",INSP,4,
40000177,100-D-104,PM02,2022-03-30,2022-04-20,2022-04-21,2022-04-22,CLSD,EXT INSP LUBE CONDITION,Performed external inspection of lube system on residue flash drum D-104. No leaks or abnormalities found. Lubrication condition verified as healthy. Equipment operating within normal parameters.,5.0,5.9,"1 inspector, 1 fitter",INSP,4,
40000178,100-H-101,PM02,2022-03-30,2022-04-21,2022-04-22,2022-04-21,CLSD,EXT INSP LUBE CONDITION,External inspection of crude fired heater H-101 completed. Lube condition checked and found within acceptable limits. No abnormalities detected during inspection. Equipment operating normally.,5.2,5.3,"1 inspector, 1 fitter",INSP,4,
40000179,100-C-101,PM02,2022-03-31,2022-04-16,2022-04-18,2022-04-19,CLSD,EXT INSP LUBE CONDITION,External inspection of lube system completed. No leaks or contamination found. Lubrication condition verified as normal. Equipment operating within standard parameters.,7.2,7.1,"1 inspector, 1 fitter",INSP,4,
40000180,100-E-106,PM02,2022-03-31,2022-04-23,2022-04-24,2022-04-24,CLSD,EXT INSP LUBE CONDITION,Performed external inspection of lubrication condition on exchanger E-106 cold end. Found minor residue buildup but lubrication intact. No leaks or damage observed. Equipment operating within normal parameters at time of inspection.,5.1,4.2,"1 inspector, 1 fitter",INSP,4,
40000181,100-D-103,PM02,2022-04-01,2022-04-19,2022-04-21,2022-04-21,CLSD,EXT INSP LUBE CONDITION,Performed external inspection of diesel stripper D-103. Checked lube oil condition; found within acceptable parameters. No leaks or abnormalities detected. Equipment operating normally.,5.0,4.3,"1 inspector, 1 fitter",INSP,3,
40000182,100-E-102,PM02,2022-04-03,2022-04-19,2022-04-21,2022-04-21,CLSD,EXT INSP LUBE CONDITION,Performed external inspection of crude/atmospheric residue preheat exchanger #2. Checked lube condition; no abnormalities found. Noted fast fouling on heat transfer surfaces; cleaning recommended during next shutdown.,7.1,7.7,"1 inspector, 1 fitter",INSP,3,
40000183,100-E-107,PM02,2022-04-03,2022-04-24,2022-04-26,2022-04-26,CLSD,EXT INSP LUBE CONDITION,Performed external inspection of lubrication system on overhead naphtha condenser E-107. Noted slow fouling impacting heat transfer efficiency. Cleaned accessible components and verified oil levels. No leaks or abnormalities detected during inspection.,5.9,5.4,"1 inspector, 1 fitter",INSP,4,
40000184,100-D-102,PM02,2022-04-04,2022-04-18,2022-04-20,2022-04-20,CLSD,EXT INSP LUBE CONDITION,Performed external inspection of kerosene stripper D-102 focusing on lube condition. No leaks or contamination found. Lubrication levels within acceptable range. Equipment operating normally.,4.8,5.5,"1 inspector, 1 fitter",INSP,3,
40000185,100-E-111,PM02,2022-04-04,2022-04-19,2022-04-20,2022-04-21,CLSD,EXT INSP LUBE CONDITION,"Performed external inspection of lube condition on diesel product / BFW exchanger E-111. No abnormalities found, lubrication system operating within normal parameters. Equipment confirmed healthy and fully functional.",6.5,6.0,"1 inspector, 1 fitter",INSP,4,
40000186,100-E-112,PM02,2022-04-04,2022-04-20,2022-04-22,2022-04-23,CLSD,EXT INSP LUBE CONDITION,Performed external inspection of lube system on residue rundown cooler E-112. No leaks or abnormalities found. Lubrication condition verified as healthy. Equipment operating within normal parameters.,6.2,7.3,"1 inspector, 1 fitter",INSP,4,
40000187,100-FV-102,PM02,2022-04-04,2022-04-21,2022-04-22,2022-04-22,CLSD,CALIBRATE CONTROL VALVE,Calibrated stripping steam flow control valve FV-102 to ensure accurate modulation of column stripping steam. Verified valve response and adjusted setpoints as required. Valve operated within specified parameters after calibration.,3.5,3.2,1 instrument tech,INST,3,
40000188,100-E-108,PM02,2022-04-05,2022-04-25,2022-04-27,2022-04-26,CLSD,EXT INSP LUBE CONDITION,Performed external inspection of lubrication system on overhead trim condenser E-108. Verified oil levels and checked for leaks. No abnormalities found; lubrication condition healthy.,5.7,6.5,"1 inspector, 1 fitter",INSP,4,
40000189,100-E-109,PM02,2022-04-05,2022-04-26,2022-04-27,2022-04-26,CLSD,EXT INSP LUBE CONDITION,"External inspection of lube condition performed on E-109. Minor fouling observed on heat exchange surfaces, cleaned during inspection. No leaks or abnormal wear detected. Equipment returned to service in normal operating condition.",8.0,8.7,"1 inspector, 1 fitter",INSP,4,
40000190,100-E-110,PM02,2022-04-05,2022-04-18,2022-04-20,2022-04-21,CLSD,EXT INSP LUBE CONDITION,Performed external inspection of kerosene stripper reboiler E-110. Noted moderate wall loss on lower shell section. Lubrication system checked and found in good condition. No leaks or abnormalities detected during service.,4.7,3.7,"1 inspector, 1 fitter",INSP,3,
40000191,100-E-101,PM02,2022-04-07,2022-04-18,2022-04-20,2022-04-20,CLSD,EXT INSP LUBE CONDITION,Performed external inspection of lube condition on crude preheat exchanger E-101. No leaks or abnormalities found. Lubrication levels checked and within acceptable limits. Equipment operating normally at time of inspection.,7.1,6.0,"1 inspector, 1 fitter",INSP,3,
40000192,100-E-104,PM02,2022-04-07,2022-04-21,2022-04-23,2022-04-24,CLSD,EXT INSP LUBE CONDITION,Performed external inspection of lube condition on crude/diesel pumparound preheat exchanger #4. Noted slow fouling signs on heat transfer surfaces. No immediate action required; monitoring continued.,7.6,8.5,"1 inspector, 1 fitter",INSP,3,
40000193,100-FV-103,PM02,2022-04-08,2022-04-22,2022-04-23,2022-04-22,CLSD,CALIBRATE CONTROL VALVE,Calibrated FV-103 control valve on naphtha pumparound system. Verified valve response and signal accuracy. No deviations found during calibration. Equipment returned to service in proper operating condition.,4.0,4.5,1 instrument tech,INST,3,
40000194,100-FV-101,PM01,2022-05-04,2022-05-18,2022-05-19,2022-05-20,CLSD,REPACK VALVE STOP PASSING,Valve FV-101 was repacked due to internal leakage causing passing. Packing material replaced and gland tightened. Valve tested and confirmed leak-free after maintenance.,7.4,8.9,"1 fitter, 1 instrument tech",INST,2,
40000195,100-P-101A,PM02,2022-07-09,2022-07-28,2022-07-30,2022-07-31,CLSD,VIB CHECK LUBE SEAL INSP,Performed vibration check on lube seal of crude charge pump P-101A. Inspected seal condition and mounting integrity. No abnormal vibrations detected; seal operated within normal parameters.,4.8,5.3,"1 fitter, 1 inspector",MECH,4,
40000196,100-P-102A,PM02,2022-07-10,2022-08-01,2022-08-02,2022-08-01,CLSD,VIB CHECK LUBE SEAL INSP,"Performed vibration check and inspected lube seal on desalter water pump A (P-102A). Noted minor seal leakage, monitored for further deterioration. No immediate action required, will continue regular inspections.",4.5,5.3,"1 fitter, 1 inspector",MECH,3,
40000197,100-P-103A,PM02,2022-07-20,2022-08-02,2022-08-03,2022-08-02,CLSD,VIB CHECK LUBE SEAL INSP,Performed vibration check on overhead reflux pump A (P-103A). Inspected lubrication system and mechanical seal condition. No abnormalities detected during inspection. Equipment operating within normal parameters.,4.9,5.9,"1 fitter, 1 inspector",MECH,4,
40000198,100-P-105A,PM02,2022-07-22,2022-08-04,2022-08-05,2022-08-05,CLSD,VIB CHECK LUBE SEAL INSP,Performed vibration check and inspected lube seal on Naphtha product pump A (P-105A) during naphtha rundown. No abnormal vibrations detected. Seal showed minor wear but no active leaks. Equipment operated within normal parameters throughout service.,3.5,3.7,"1 fitter, 1 inspector",MECH,4,
40000199,100-P-106A,PM02,2022-10-12,2022-11-05,2022-11-07,2022-11-06,CLSD,VIB CHECK LUBE SEAL INSP,Performed vibration check and inspected lubrication seal on Diesel product pump A (P-106A). No abnormalities detected. Equipment operating within normal parameters. Maintenance completed as scheduled.,3.6,4.4,"1 fitter, 1 inspector",MECH,3,
40000200,100-P-103B,PM02,2022-10-14,2022-11-03,2022-11-05,2022-11-04,CLSD,VIB CHECK LUBE SEAL INSP,"Performed vibration check on overhead reflux pump B (P-103B). Lubrication of seal completed and inspected. No abnormalities detected, equipment operating within normal parameters.",3.3,2.9,"1 fitter, 1 inspector",MECH,4,
40000201,100-P-104B,PM02,2022-10-14,2022-11-04,2022-11-05,2022-11-06,CLSD,VIB CHECK LUBE SEAL INSP,"Performed vibration check and inspected lube seal on atmospheric residue bottoms pump B (P-104B). No abnormalities detected, seal condition healthy. Equipment operating within normal parameters.",4.0,4.5,"1 fitter, 1 inspector",MECH,3,
40000202,100-P-102B,PM02,2022-10-18,2022-11-02,2022-11-04,2022-11-03,CLSD,VIB CHECK LUBE SEAL INSP,Performed vibration check and inspected lube seal on Desalter water pump B (P-102B). No abnormalities detected. Equipment operating within normal parameters.,4.9,4.8,"1 fitter, 1 inspector",MECH,3,
40000203,100-P-106B,PM02,2022-10-18,2022-11-06,2022-11-08,2022-11-09,CLSD,VIB CHECK LUBE SEAL INSP,"Performed vibration check on diesel product pump B (P-106B). Inspected lubrication system and seal condition. No abnormalities detected, equipment operating within normal parameters.",4.3,4.2,"1 fitter, 1 inspector",MECH,4,
40000204,100-P-105B,PM02,2022-10-19,2022-11-05,2022-11-07,2022-11-08,CLSD,VIB CHECK LUBE SEAL INSP,Performed vibration check on lube seal of Naphtha product pump B (P-105B) during naphtha rundown. No abnormalities detected. Seal condition healthy and within operational limits. Equipment returned to service without issues.,5.0,5.3,"1 fitter, 1 inspector",MECH,4,
40000205,100-P-101B,PM02,2022-10-22,2022-11-01,2022-11-03,2022-11-03,CLSD,VIB CHECK LUBE SEAL INSP,Performed vibration check and inspected lube seal on crude charge pump B (P-101B). No abnormalities detected. Equipment operating within normal parameters.,4.6,5.3,"1 fitter, 1 inspector",MECH,4,
40000206,100-P-104A,PM02,2022-10-24,2022-11-03,2022-11-05,2022-11-05,CLSD,VIB CHECK LUBE SEAL INSP,Performed vibration check and inspected lubrication seal on atmospheric residue bottoms pump P-104A. No abnormalities detected. Equipment operating within normal parameters. Maintenance completed as scheduled.,4.9,6.1,"1 fitter, 1 inspector",MECH,4,
40000207,100-P-101A,PM01,2023-01-05,2023-01-16,2023-01-18,2023-01-19,CLSD,REPL BRG DE COUPLE,"High vibration detected on P-101A prior to maintenance. Bearing replaced and coupling serviced. Vibration readings dropped significantly post-job, confirming issue resolution.",9.1,7.2,"2 fitters, 1 millwright",MECH,1,
40000208,100-P-101A,PM02,2023-01-09,2023-01-28,2023-01-30,2023-01-31,CLSD,VIB CHECK LUBE SEAL INSP,Performed vibration check on lube seal of crude charge pump P-101A. Inspected seal condition and mounting integrity. No abnormal vibration detected. Equipment operating within normal parameters.,3.2,3.6,"1 fitter, 1 inspector",MECH,4,
40000209,100-P-105A,PM02,2023-01-12,2023-02-04,2023-02-06,2023-02-05,CLSD,VIB CHECK LUBE SEAL INSP,Performed vibration check and inspected lube seal on Naphtha product pump A (P-105A) during naphtha rundown. No abnormal vibrations detected. Seal showed minor wear but no leaks observed. Equipment operating within normal parameters.,3.2,2.6,"1 fitter, 1 inspector",MECH,4,
40000210,100-P-102A,PM02,2023-01-19,2023-02-01,2023-02-02,2023-02-01,CLSD,VIB CHECK LUBE SEAL INSP,"Performed vibration check and inspected lubrication seal on Desalter water pump A (P-102A). No abnormalities detected, seal showed no signs of leakage. Equipment operating within normal parameters.",4.2,5.2,"1 fitter, 1 inspector",MECH,4,
40000211,100-P-103A,PM02,2023-01-19,2023-02-02,2023-02-03,2023-02-04,CLSD,VIB CHECK LUBE SEAL INSP,"Performed vibration check on overhead reflux pump P-103A. Inspected lubrication system and mechanical seal condition. No abnormalities detected, pump operated within normal vibration limits. Seal integrity confirmed, no leaks observed.",4.1,4.2,"1 fitter, 1 inspector",MECH,3,
40000212,100-P-102A,PM01,2023-01-25,2023-02-08,2023-02-11,2023-02-12,CLSD,REPL MECH SEAL,Seal leakage was observed on Desalter water pump A (P-102A) causing a drop in seal pot level. Seal was replaced during the maintenance. Pump was tested and returned to service without further leakage.,7.7,7.8,2 fitters,MECH,1,
40000213,100-H-101,PM03,2023-02-03,2023-03-10,2023-03-17,2023-03-17,CLSD,TA HEATER TUBE INSP,Performed thorough inspection of heater tubes in crude fired heater H-101. No leaks or significant wear detected. Tubes cleaned and integrity confirmed. Job closed as equipment is healthy.,92.5,92.8,"3 fitters, 2 inspectors, 1 crane op",MECH,1,TA-2023
40000214,100-PSV-104,PM03,2023-02-03,2023-03-10,2023-03-17,2023-03-18,CLSD,PSV POP TEST CERT,Performed pop test on PSV-104 as scheduled. Valve operated within set pressure limits. No leaks or malfunctions detected. Certification completed and documented.,4.0,4.8,"1 tech, 1 inspector",INSP,1,TA-2023
40000215,100-E-103,PM03,2023-02-04,2023-03-09,2023-03-12,2023-03-13,CLSD,TA OPEN CLEAN INSPECT RGKT,Performed cleaning and inspection of tube bundle in pumparound preheat exchanger E-103. Removed fouling deposits causing reduced heat transfer efficiency. Verified no leaks or damage in tubes and shell. Equipment returned to service after confirming proper operation.,19.5,20.7,"3 fitters, 1 inspector, 1 crane op",MECH,1,TA-2023
40000216,100-E-102,PM03,2023-02-05,2023-03-08,2023-03-14,2023-03-14,CLSD,TA OPEN CLEAN INSPECT RGKT,Performed cleaning of bundle fouling on both shell and tube sides of E-102. Inspected exchanger thoroughly and replaced all gaskets as required. Equipment returned to service with no leaks detected.,22.1,23.6,"3 fitters, 1 inspector, 1 crane op",MECH,1,TA-2023
40000217,100-E-104,PM03,2023-02-06,2023-03-10,2023-03-14,2023-03-15,CLSD,TA OPEN CLEAN INSPECT RGKT,Performed cleaning and inspection of crude/diesel pumparound preheat exchanger #4 (E-104). Removed fouling deposits causing reduced heat transfer efficiency. Verified tube integrity and overall exchanger condition. Equipment returned to service with improved performance.,17.8,13.7,"3 fitters, 1 inspector, 1 crane op",MECH,1,TA-2023
40000218,100-E-111,PM03,2023-02-06,2023-03-08,2023-03-16,2023-03-16,CLSD,TA OPEN CLEAN INSPECT RGKT,Performed cleaning and inspection of the diesel product cooling exchanger E-111. Checked all tubes and removed deposits. Verified no leaks or damages found. Equipment returned to service in healthy condition.,17.7,18.5,"3 fitters, 1 inspector, 1 crane op",MECH,1,TA-2023
40000219,100-E-108,PM03,2023-02-07,2023-03-14,2023-03-17,2023-03-17,CLSD,TA OPEN CLEAN INSPECT RGKT,"Performed cleaning and inspection of the two-bundle overhead trim condenser E-108 as scheduled. Checked for any signs of fouling or damage in the column overhead trim system. No abnormalities found, equipment confirmed healthy.",16.8,17.8,"3 fitters, 1 inspector, 1 crane op",MECH,1,TA-2023
40000220,100-PSV-103,PM03,2023-02-07,2023-03-09,2023-03-14,2023-03-15,CLSD,PSV POP TEST CERT,Performed pop test on PSV-103 to verify set pressure and proper operation. No leaks or malfunctions detected during testing. Valve certified healthy and returned to service on 2023-03-09.,4.8,4.0,"1 tech, 1 inspector",INSP,1,TA-2023
40000221,100-D-103,PM03,2023-02-12,2023-03-08,2023-03-16,2023-03-16,CLSD,TA INTERNAL INSP CLEAN,"Performed internal inspection and cleaning of diesel stripper D-103 as scheduled. No abnormalities detected, equipment in healthy condition. All components verified and cleaned thoroughly. Job closed.",49.9,38.8,"3 fitters, 2 inspectors, 1 scaffolder",MECH,1,TA-2023
40000222,100-E-101,PM03,2023-02-12,2023-03-19,2023-03-26,2023-03-27,CLSD,TA OPEN CLEAN INSPECT RGKT,Performed cleaning and inspection of E-101 bundle due to fast fouling on both shell and tube sides. Replaced gaskets to ensure proper sealing. Equipment returned to service with no leaks detected.,17.0,16.6,"3 fitters, 1 inspector, 1 crane op",MECH,1,TA-2023
40000223,100-E-107,PM03,2023-02-12,2023-03-13,2023-03-17,2023-03-18,CLSD,TA OPEN CLEAN INSPECT RGKT,"Performed cleaning and inspection of overhead naphtha condenser E-107. Removed fouling deposits causing slow condensing. Verified RGKT condition, no damage found. Equipment returned to service.",19.7,18.6,"3 fitters, 1 inspector, 1 crane op",MECH,1,TA-2023
40000224,100-PSV-102,PM03,2023-02-12,2023-03-08,2023-03-11,2023-03-10,CLSD,PSV POP TEST CERT,Performed pop test on PSV-102 to verify set pressure and reseat functionality. Valve operated within specified parameters. Certification completed and documented.,4.1,4.6,"1 tech, 1 inspector",INSP,1,TA-2023
40000225,100-PSV-105,PM03,2023-02-12,2023-03-11,2023-03-18,2023-03-17,CLSD,PSV POP TEST CERT,Performed pop test on PSV-105 to verify set pressure and reseat functionality. Valve operated within specified parameters. No leaks or malfunctions detected during inspection. Certification completed and documented.,4.8,4.2,"1 tech, 1 inspector",INSP,1,TA-2023
40000226,100-E-106,PM03,2023-02-13,2023-03-12,2023-03-15,2023-03-15,CLSD,TA OPEN CLEAN INSPECT RGKT,Performed cleaning and inspection of bundle on both shell and tube sides due to fast fouling. Replaced all gaskets to ensure proper sealing. Equipment returned to service without issues.,21.2,25.1,"3 fitters, 1 inspector, 1 crane op",MECH,1,TA-2023
40000227,100-E-109,PM03,2023-02-13,2023-03-15,2023-03-18,2023-03-18,CLSD,TA OPEN CLEAN INSPECT RGKT,Performed thorough cleaning of E-109 naphtha/crude interchanger to address slow fouling issue. Inspected all tubes and removed deposits to restore optimal flow. Verified no leaks or damages during inspection. Equipment returned to service in good condition.,21.5,16.3,"3 fitters, 1 inspector, 1 crane op",MECH,1,TA-2023
40000228,100-E-112,PM03,2023-02-14,2023-03-09,2023-03-13,2023-03-12,CLSD,TA OPEN CLEAN INSPECT RGKT,Performed cleaning and inspection of residue rundown cooler E-112 as scheduled. No abnormalities found in gasket condition. Equipment operating within normal parameters after service.,18.9,23.2,"3 fitters, 1 inspector, 1 crane op",MECH,1,TA-2023
40000229,100-PSV-101,PM03,2023-02-14,2023-03-19,2023-03-27,2023-03-28,CLSD,PSV POP TEST CERT,"Performed proof pressure test on column overhead PSV-101 as per schedule. Valve held pressure within allowable limits, no leaks detected. Certification documentation completed and filed under TA-2023. Equipment confirmed healthy and returned to service.",4.6,5.7,"1 tech, 1 inspector",INSP,1,TA-2023
40000230,100-D-101,PM03,2023-02-15,2023-03-18,2023-03-21,2023-03-21,CLSD,TA INTERNAL INSP CLEAN,"Performed internal inspection and cleaning of overhead reflux drum D-101. No abnormalities found, equipment in healthy condition. All components verified and cleaned as per schedule. Job completed and documented under TA-2023.",47.3,57.3,"3 fitters, 2 inspectors, 1 scaffolder",MECH,1,TA-2023
40000231,100-D-104,PM03,2023-02-15,2023-03-09,2023-03-12,2023-03-11,CLSD,TA INTERNAL INSP CLEAN,Performed internal inspection and cleaning of residue flash drum D-104. Removed deposits and checked for corrosion. No abnormalities found. Equipment returned to service.,39.7,46.2,"3 fitters, 2 inspectors, 1 scaffolder",MECH,1,TA-2023
40000232,100-E-105,PM03,2023-02-16,2023-03-11,2023-03-19,2023-03-18,CLSD,TA OPEN CLEAN INSPECT RGKT,Performed cleaning and inspection of crude/AGO preheat exchanger #5. Removed fouling deposits from heat transfer surfaces. Verified tube integrity and checked for leaks. Equipment returned to service without issues.,17.1,18.6,"3 fitters, 1 inspector, 1 crane op",MECH,1,TA-2023
40000233,100-V-101,PM03,2023-02-17,2023-03-12,2023-03-16,2023-03-15,CLSD,TA INTERNAL INSP CLEAN,Performed internal inspection and cleaning of Electrostatic desalter V-101 during turnaround. UT thickness readings were taken and recorded to assess wall loss. Equipment condition remains stable; recommend continued monitoring of thickness until next turnaround in 2027.,62.6,59.6,"3 fitters, 2 inspectors, 1 scaffolder",MECH,1,TA-2023
40000234,100-PSV-106,PM03,2023-02-18,2023-03-12,2023-03-19,2023-03-20,CLSD,PSV POP TEST CERT,Performed pop test on PSV-106 residue flash drum as scheduled. Valve operated within set pressure limits. No leaks or malfunctions detected. Certification completed and documented.,4.8,3.9,"1 tech, 1 inspector",INSP,1,TA-2023
40000235,100-C-101,PM03,2023-02-19,2023-03-17,2023-03-24,2023-03-25,CLSD,TA INTERNAL TRAY INSP,Inspected internal trays of atmospheric distillation column C-101 for integrity and fouling. No significant damage or corrosion found. Cleaned trays and ensured proper alignment. Equipment returned to service without issues.,92.6,82.1,"4 fitters, 2 inspectors, 2 scaffolders, 1 crane op",MECH,1,TA-2023
40000236,100-D-102,PM03,2023-02-20,2023-03-19,2023-03-22,2023-03-22,CLSD,TA INTERNAL INSP CLEAN,Performed internal inspection and cleaning of kerosene stripper D-102. Removed deposits and checked for corrosion. Equipment found in healthy condition. No abnormalities detected during service.,56.9,66.0,"3 fitters, 2 inspectors, 1 scaffolder",MECH,1,TA-2023
40000237,100-E-110,PM03,2023-02-26,2023-03-19,2023-03-24,2023-03-23,CLSD,TA OPEN CLEAN INSPECT RGKT,"Performed cleaning and inspection of kerosene stripper reboiler (E-110) during turnaround. UT thickness readings were taken, indicating wall loss within acceptable limits. Recommend continued monitoring of thickness until next turnaround in 2027.",20.0,22.5,"3 fitters, 1 inspector, 1 crane op",MECH,1,TA-2023
40000238,100-LV-102,PM02,2023-03-14,2023-04-07,2023-04-08,2023-04-08,CLSD,CALIBRATE CONTROL VALVE,Calibrated control valve LV-102 for column bottoms level. Verified valve response and adjusted setpoints to ensure accurate level control. No abnormalities detected during calibration.,2.9,3.5,1 instrument tech,INST,3,
40000239,100-PV-102,PM02,2023-03-17,2023-04-07,2023-04-08,2023-04-09,CLSD,CALIBRATE CONTROL VALVE,Calibrated fuel gas pressure control valve PV-102 as scheduled. Verified setpoints and response times within acceptable limits. No leaks or mechanical issues detected during inspection. Valve operated smoothly throughout the calibration process.,2.8,3.4,1 instrument tech,INST,4,
40000240,100-PV-101,PM02,2023-03-18,2023-04-07,2023-04-08,2023-04-08,CLSD,CALIBRATE CONTROL VALVE,Calibrated column overhead pressure control valve PV-101 as scheduled. Verified setpoints and response accuracy. Valve operated within specified parameters after adjustment. No leaks or faults detected during calibration.,3.3,2.7,1 instrument tech,INST,3,
40000241,100-LV-101,PM02,2023-03-20,2023-04-07,2023-04-09,2023-04-08,CLSD,CALIBRATE CONTROL VALVE,Calibrated LV-101 control valve for overhead accumulator level. Verified valve response and adjusted setpoints to maintain proper level control. No deviations found during calibration. Equipment operating within normal parameters.,3.6,4.2,1 instrument tech,INST,3,
40000242,100-TV-101,PM02,2023-03-22,2023-04-07,2023-04-09,2023-04-08,CLSD,CALIBRATE CONTROL VALVE,Calibrated desalter temperature control valve TV-101 to ensure accurate temperature regulation. Verified valve response and adjusted setpoints as required. Valve operated within specified parameters after calibration.,2.7,2.2,1 instrument tech,INST,4,
40000243,100-FV-101,PM02,2023-04-04,2023-04-20,2023-04-21,2023-04-21,CLSD,CALIBRATE CONTROL VALVE,Calibrated FV-101 control valve to correct flow deviations. Verified valve response and adjusted setpoints for optimal crude charge control. No leaks or mechanical issues detected during calibration.,3.8,3.8,1 instrument tech,INST,4,
40000244,100-FV-102,PM02,2023-04-04,2023-04-21,2023-04-22,2023-04-21,CLSD,CALIBRATE CONTROL VALVE,Calibrated stripping steam flow control valve FV-102 to ensure accurate response and stable operation. Verified valve position feedback and adjusted actuator settings. Confirmed proper function under normal operating conditions.,3.7,3.6,1 instrument tech,INST,3,
40000245,100-FV-103,PM02,2023-04-08,2023-04-22,2023-04-23,2023-04-24,CLSD,CALIBRATE CONTROL VALVE,"Calibrated FV-103 control valve on naphtha pumparound system. Verified valve response and positioner accuracy. No deviations found, valve operating within normal parameters.",3.5,4.0,1 instrument tech,INST,4,
40000246,100-P-103A,PM01,2023-07-08,2023-07-19,2023-07-21,2023-07-20,CLSD,REPL BRG DE COUPLE,High vibration detected on overhead reflux pump A prior to maintenance. Replaced bearing on drive couple. Vibration readings dropped significantly after replacement. Equipment operating within normal parameters post-job.,10.1,8.5,"2 fitters, 1 millwright",MECH,2,
40000247,100-P-101A,PM02,2023-07-10,2023-07-28,2023-07-29,2023-07-30,CLSD,VIB CHECK LUBE SEAL INSP,Performed vibration check on lube seal of crude charge pump P-101A. Inspected seal condition and mounting integrity. No abnormal vibration detected during inspection. Equipment operating within normal parameters at time of check.,5.0,4.5,"1 fitter, 1 inspector",MECH,4,
40000248,100-P-102A,PM02,2023-07-10,2023-08-01,2023-08-03,2023-08-04,CLSD,VIB CHECK LUBE SEAL INSP,"Performed vibration check and inspected lube seal on Desalter water pump A (P-102A). No abnormalities detected, seal integrity confirmed. Equipment operating within normal parameters.",4.2,3.6,"1 fitter, 1 inspector",MECH,3,
40000249,100-P-103B,PM02,2023-07-11,2023-08-03,2023-08-04,2023-08-05,CLSD,VIB CHECK LUBE SEAL INSP,"Performed vibration check on overhead reflux pump B (P-103B). Lubrication system inspected and seal condition verified. No abnormalities detected, equipment operating within normal parameters.",4.1,4.5,"1 fitter, 1 inspector",MECH,4,
40000250,100-P-101B,PM02,2023-07-15,2023-08-01,2023-08-03,2023-08-04,CLSD,VIB CHECK LUBE SEAL INSP,Performed vibration check on crude charge pump B (P-101B). Inspected lube seal for leaks and wear. No abnormalities detected; equipment operating within normal parameters.,4.6,5.5,"1 fitter, 1 inspector",MECH,4,
40000251,100-P-106A,PM02,2023-07-16,2023-08-05,2023-08-07,2023-08-07,CLSD,VIB CHECK LUBE SEAL INSP,Performed vibration check and inspected lube seal on Diesel product pump A (P-106A). No abnormalities detected. Equipment operating within normal parameters.,4.7,5.8,"1 fitter, 1 inspector",MECH,3,
40000252,100-P-106B,PM02,2023-07-17,2023-08-06,2023-08-08,2023-08-09,CLSD,VIB CHECK LUBE SEAL INSP,Performed vibration check and lubrication seal inspection on diesel product pump B (P-106B). No abnormalities detected. Equipment operating within normal parameters. Job completed as scheduled.,3.4,2.7,"1 fitter, 1 inspector",MECH,3,
40000253,100-P-102B,PM02,2023-07-18,2023-08-02,2023-08-04,2023-08-03,CLSD,VIB CHECK LUBE SEAL INSP,"Performed vibration check on lube seal of desalter water pump B (P-102B). No abnormalities detected. Seal condition healthy, lubrication adequate. Equipment operating within normal parameters.",3.3,3.6,"1 fitter, 1 inspector",MECH,3,
40000254,100-P-105A,PM02,2023-07-19,2023-08-04,2023-08-06,2023-08-07,CLSD,VIB CHECK LUBE SEAL INSP,Performed vibration check and inspected lube seal on Naphtha product pump A (P-105A) during naphtha rundown. No abnormal vibrations detected. Seal showed minor wear but no leaks observed. Equipment operating within normal parameters at completion.,4.5,5.2,"1 fitter, 1 inspector",MECH,3,
40000255,100-P-104B,PM02,2023-07-21,2023-08-04,2023-08-05,2023-08-06,CLSD,VIB CHECK LUBE SEAL INSP,Performed vibration check and inspected lube seal on atmospheric residue bottoms pump B (P-104B). No abnormalities detected. Seal condition healthy. Equipment operating within normal parameters.,3.4,3.8,"1 fitter, 1 inspector",MECH,4,
40000256,100-P-105B,PM02,2023-07-21,2023-08-05,2023-08-06,2023-08-05,CLSD,VIB CHECK LUBE SEAL INSP,Performed vibration check on lube seal of naphtha product pump B during rundown. No abnormalities detected. Seal condition verified as healthy. Equipment operating within normal parameters.,4.6,5.4,"1 fitter, 1 inspector",MECH,3,
40000257,100-P-103A,PM02,2023-07-22,2023-08-02,2023-08-03,2023-08-04,CLSD,VIB CHECK LUBE SEAL INSP,Performed vibration check on overhead reflux pump P-103A. Inspected lubrication and seal condition. No abnormalities detected during inspection. Equipment operating within normal parameters.,4.0,4.9,"1 fitter, 1 inspector",MECH,3,
40000258,100-P-104A,PM02,2023-07-22,2023-08-03,2023-08-04,2023-08-03,CLSD,VIB CHECK LUBE SEAL INSP,"Performed vibration check and inspected lube seal on Atmospheric residue bottoms pump A (P-104A). No abnormalities found, seal intact and lubrication system functioning properly. Equipment operating within normal parameters.",4.8,5.2,"1 fitter, 1 inspector",MECH,3,
40000259,100-P-105A,PM01,2023-08-15,2023-08-28,2023-08-31,2023-09-01,CLSD,REPL MECH SEAL,"Observed seal leakage on Naphtha product pump A prior to replacement. Seal pot level was low, indicating potential seal failure. Mechanical seal replaced successfully on 2023-08-28. Pump tested and returned to service without further leakage.",8.4,9.1,2 fitters,MECH,2,
40000260,100-P-101A,PM02,2024-01-04,2024-01-28,2024-01-29,2024-01-29,CLSD,VIB CHECK LUBE SEAL INSP,Performed vibration check on lube seal of crude charge pump P-101A. No abnormal vibrations detected. Seal inspected and confirmed intact. Equipment operating within normal parameters.,3.2,2.5,"1 fitter, 1 inspector",MECH,4,
40000261,100-P-105A,PM02,2024-01-11,2024-02-04,2024-02-05,2024-02-05,CLSD,VIB CHECK LUBE SEAL INSP,Performed vibration check and inspected lube seal on Naphtha product pump A (P-105A) during naphtha rundown. No abnormal vibrations detected. Seal showed minor wear but no leaks observed. Equipment operating within normal parameters.,3.6,4.4,"1 fitter, 1 inspector",MECH,4,
40000262,100-P-102A,PM02,2024-01-13,2024-02-01,2024-02-02,2024-02-02,CLSD,VIB CHECK LUBE SEAL INSP,"Performed vibration check and inspected lubrication seal on Desalter water pump A (P-102A). Noted minor seal leakage, monitored condition. No immediate action required.",3.1,2.9,"1 fitter, 1 inspector",MECH,4,
40000263,100-P-103A,PM02,2024-01-18,2024-02-02,2024-02-03,2024-02-03,CLSD,VIB CHECK LUBE SEAL INSP,Performed vibration check on overhead reflux pump P-103A. Inspected lubrication and seal condition. No abnormalities detected during inspection. Equipment operating within normal parameters.,3.5,2.7,"1 fitter, 1 inspector",MECH,3,
40000264,100-PV-102,PM02,2024-02-17,2024-03-12,2024-03-14,2024-03-14,CLSD,CALIBRATE CONTROL VALVE,Calibrated fuel gas pressure control valve PV-102 as per maintenance schedule. Verified setpoint accuracy and adjusted actuator response. Valve operated within specified parameters after calibration. No leaks or abnormalities detected during inspection.,3.7,3.6,1 instrument tech,INST,3,
40000265,100-LV-102,PM02,2024-02-24,2024-03-08,2024-03-10,2024-03-10,CLSD,CALIBRATE CONTROL VALVE,Calibrated control valve LV-102 for column bottoms level. Verified valve response and adjusted setpoints to ensure accurate level control. Valve operated within specified parameters after calibration.,3.7,3.2,1 instrument tech,INST,4,
40000266,100-LV-101,PM02,2024-02-25,2024-03-07,2024-03-09,2024-03-09,CLSD,CALIBRATE CONTROL VALVE,Calibrated LV-101 control valve for overhead accumulator level. Verified valve response and adjusted setpoints to ensure accurate level control. No abnormalities detected during calibration. Equipment operating within normal parameters.,2.5,1.9,1 instrument tech,INST,3,
40000267,100-PV-101,PM02,2024-02-27,2024-03-11,2024-03-12,2024-03-12,CLSD,CALIBRATE CONTROL VALVE,Calibrated column overhead pressure control valve PV-101 to ensure accurate pressure regulation. Verified setpoints and response times within specifications. No abnormalities detected during calibration.,3.6,3.4,1 instrument tech,INST,4,
40000268,100-TV-101,PM02,2024-02-27,2024-03-15,2024-03-16,2024-03-16,CLSD,CALIBRATE CONTROL VALVE,Calibrated desalter temperature control valve TV-101 to ensure accurate temperature regulation. Verified valve response and adjusted setpoints as required. Valve operated within specified parameters after calibration.,2.0,2.4,1 instrument tech,INST,3,
40000269,100-V-101,PM02,2024-03-20,2024-04-10,2024-04-12,2024-04-12,CLSD,EXT INSP LUBE CONDITION,Performed external inspection of lube system on Electrostatic desalter V-101. Checked for signs of wall loss and corrosion. No leaks or abnormalities detected. Equipment operating within normal parameters.,7.3,6.3,"1 inspector, 1 fitter",INSP,3,
40000270,100-E-110,PM02,2024-03-25,2024-04-18,2024-04-20,2024-04-21,CLSD,EXT INSP LUBE CONDITION,External inspection of kerosene stripper reboiler E-110 completed. Noted wall thinning in lower shell area consistent with corrosion. Lubrication system checked and oil condition found within acceptable parameters. No leaks or abnormal vibrations detected during inspection.,6.5,6.7,"1 inspector, 1 fitter",INSP,3,
40000271,100-D-103,PM02,2024-03-26,2024-04-19,2024-04-20,2024-04-20,CLSD,EXT INSP LUBE CONDITION,Performed external inspection of diesel stripper D-103. Checked lubrication system condition; no leaks or abnormalities found. Equipment operating within normal parameters. No further action required.,7.0,7.1,"1 inspector, 1 fitter",INSP,3,
40000272,100-FV-101,PM02,2024-03-27,2024-04-20,2024-04-22,2024-04-21,CLSD,CALIBRATE CONTROL VALVE,Calibrated FV-101 control valve on crude charge line. Verified valve response and signal accuracy. Valve passing within specified parameters. No leaks or mechanical issues found.,2.4,1.9,1 instrument tech,INST,3,
40000273,100-E-102,PM02,2024-03-28,2024-04-19,2024-04-20,2024-04-19,CLSD,EXT INSP LUBE CONDITION,External inspection of lube condition completed on crude preheat exchanger E-102. No abnormalities detected. Lubrication system functioning within normal parameters. Equipment operating as expected with no signs of fast fouling.,4.4,4.9,"1 inspector, 1 fitter",INSP,3,
40000274,100-D-102,PM02,2024-03-29,2024-04-18,2024-04-19,2024-04-20,CLSD,EXT INSP LUBE CONDITION,External inspection of lube system completed. No leaks or contamination found. Lubricant condition verified as within acceptable limits. Equipment operating normally.,5.4,5.8,"1 inspector, 1 fitter",INSP,3,
40000275,100-E-104,PM02,2024-03-29,2024-04-21,2024-04-22,2024-04-21,CLSD,EXT INSP LUBE CONDITION,Performed external inspection of lube condition on crude/diesel pumparound preheat exchanger #4. Noted slow fouling signs on heat transfer surfaces. No leaks or mechanical damage detected. Equipment operating within normal parameters at time of inspection.,7.1,7.7,"1 inspector, 1 fitter",INSP,3,
40000276,100-E-111,PM02,2024-03-29,2024-04-19,2024-04-20,2024-04-21,CLSD,EXT INSP LUBE CONDITION,"External inspection of lube condition completed on Diesel product / BFW exchanger (E-111). No abnormalities found, lubrication system operating within normal parameters. Equipment confirmed healthy and fully functional.",6.0,6.1,"1 inspector, 1 fitter",INSP,4,
40000277,100-E-105,PM02,2024-03-30,2024-04-22,2024-04-24,2024-04-24,CLSD,EXT INSP LUBE CONDITION,External inspection of lube condition completed on exchanger E-105. No abnormalities found. Equipment operating within normal parameters. No further action required at this time.,6.5,5.2,"1 inspector, 1 fitter",INSP,3,
40000278,100-D-104,PM02,2024-03-31,2024-04-20,2024-04-22,2024-04-21,CLSD,EXT INSP LUBE CONDITION,Performed external inspection of lube system on residue flash drum D-104. No leaks or abnormalities found. Lubrication condition verified as healthy. Equipment operating within normal parameters.,7.1,6.4,"1 inspector, 1 fitter",INSP,3,
40000279,100-FV-102,PM02,2024-03-31,2024-04-21,2024-04-22,2024-04-21,CLSD,CALIBRATE CONTROL VALVE,Calibrated FV-102 stripping steam flow control valve per PM schedule. Verified valve response and signal accuracy. No leaks or faults detected. Valve operating within specified parameters.,2.6,2.2,1 instrument tech,INST,4,
40000280,100-FV-103,PM02,2024-03-31,2024-04-22,2024-04-24,2024-04-23,CLSD,CALIBRATE CONTROL VALVE,Calibrated FV-103 control valve on naphtha pumparound system. Verified valve response and adjusted setpoints to meet operational parameters. No leaks or faults detected during calibration. Equipment returned to service in stable condition.,2.8,2.2,1 instrument tech,INST,3,
40000281,100-H-101,PM02,2024-03-31,2024-04-21,2024-04-23,2024-04-22,CLSD,EXT INSP LUBE CONDITION,"Performed external inspection of lube system on crude fired heater H-101. Checked for leaks, contamination, and oil level. No abnormalities found; lubrication system operating within normal parameters. Equipment condition healthy at time of inspection.",5.4,5.3,"1 inspector, 1 fitter",INSP,3,
40000282,100-D-101,PM02,2024-04-01,2024-04-17,2024-04-18,2024-04-19,CLSD,EXT INSP LUBE CONDITION,"Performed external inspection of overhead reflux drum D-101. Checked lube condition on service overhead accumulator. No abnormalities found, equipment healthy and operational.",5.6,4.3,"1 inspector, 1 fitter",INSP,3,
40000283,100-E-107,PM02,2024-04-02,2024-04-24,2024-04-25,2024-04-26,CLSD,EXT INSP LUBE CONDITION,Performed external inspection of lube condition on overhead naphtha condenser E-107. Noted slow fouling trend affecting heat transfer efficiency. No immediate action required; continue monitoring during routine maintenance.,6.1,6.5,"1 inspector, 1 fitter",INSP,3,
40000284,100-E-103,PM02,2024-04-03,2024-04-20,2024-04-21,2024-04-20,CLSD,EXT INSP LUBE CONDITION,Performed external inspection of lube condition on crude/kerosene pumparound preheat exchanger #3. No leaks or abnormalities detected. Lubrication levels within acceptable range. Equipment operating normally.,5.9,5.9,"1 inspector, 1 fitter",INSP,4,
40000285,100-C-101,PM02,2024-04-06,2024-04-16,2024-04-17,2024-04-17,CLSD,EXT INSP LUBE CONDITION,Performed external inspection of lubrication system on atmospheric distillation column C-101. No leaks or contamination detected. Lubricant condition within acceptable parameters. Equipment operating normally.,5.6,5.8,"1 inspector, 1 fitter",INSP,4,
40000286,100-E-101,PM02,2024-04-08,2024-04-18,2024-04-20,2024-04-21,CLSD,EXT INSP LUBE CONDITION,Performed external inspection of lube condition on crude preheat exchanger E-101. No leaks or contamination observed. Lubrication system intact and functioning within normal parameters. Equipment operating without abnormal noise or vibration.,7.0,8.6,"1 inspector, 1 fitter",INSP,3,
40000287,100-E-112,PM02,2024-04-08,2024-04-20,2024-04-22,2024-04-22,CLSD,EXT INSP LUBE CONDITION,External inspection of lube system completed on residue rundown cooler E-112. No leaks or contamination found. Lubricant condition verified as within acceptable limits. Equipment operating normally.,4.3,4.8,"1 inspector, 1 fitter",INSP,3,
40000288,100-E-108,PM02,2024-04-10,2024-04-25,2024-04-27,2024-04-28,CLSD,EXT INSP LUBE CONDITION,"Performed external inspection of lubrication system on overhead trim condenser E-108. Verified oil levels and checked for leaks. No abnormalities found, lubrication condition healthy. Equipment operating within normal parameters.",5.1,4.8,"1 inspector, 1 fitter",INSP,3,
40000289,100-P-106A,PM02,2024-04-11,2024-05-05,2024-05-07,2024-05-08,CLSD,VIB CHECK LUBE SEAL INSP,Completed vibration check and lubrication of seals on Diesel product pump A (P-106A). Inspected all components; no abnormalities found. Equipment operating within normal parameters.,4.1,4.2,"1 fitter, 1 inspector",MECH,4,
40000290,100-E-106,PM02,2024-04-13,2024-04-23,2024-04-24,2024-04-23,CLSD,EXT INSP LUBE CONDITION,External inspection of lube condition completed on crude preheat exchanger E-106. No abnormalities detected. Equipment operating within normal parameters. No further action required.,4.2,4.4,"1 inspector, 1 fitter",INSP,4,
40000291,100-P-104A,PM02,2024-04-13,2024-05-03,2024-05-04,2024-05-03,CLSD,VIB CHECK LUBE SEAL INSP,"Performed vibration check on lube seal of atmospheric residue bottoms pump P-104A. Seal showed normal vibration levels, no abnormalities detected. Equipment operating within healthy parameters.",3.8,3.9,"1 fitter, 1 inspector",MECH,3,
40000292,100-P-101B,PM02,2024-04-14,2024-05-01,2024-05-03,2024-05-02,CLSD,VIB CHECK LUBE SEAL INSP,Performed vibration check on pump P-101B. Inspected lube seal for wear and leaks. No abnormalities found; equipment operating within normal parameters.,3.2,3.4,"1 fitter, 1 inspector",MECH,4,
40000293,100-P-103B,PM02,2024-04-14,2024-05-03,2024-05-04,2024-05-04,CLSD,VIB CHECK LUBE SEAL INSP,Performed vibration check on overhead reflux pump B (P-103B). Lubrication of seal verified and found within normal parameters. No abnormalities detected during inspection. Equipment operating healthy and within service specifications.,3.6,4.5,"1 fitter, 1 inspector",MECH,3,
40000294,100-E-109,PM02,2024-04-15,2024-04-26,2024-04-28,2024-04-27,CLSD,EXT INSP LUBE CONDITION,"Inspected external surfaces of E-109 for fouling and corrosion. Lube condition checked, no contamination found. Minor deposits removed, equipment operating within normal parameters. No abnormalities detected during inspection.",5.0,4.1,"1 inspector, 1 fitter",INSP,4,
40000295,100-P-105B,PM02,2024-04-15,2024-05-05,2024-05-07,2024-05-07,CLSD,VIB CHECK LUBE SEAL INSP,"Performed vibration check and inspected lube seal on Naphtha product pump B during naphtha rundown. No abnormalities detected, seal condition healthy. Equipment operating within normal parameters.",3.0,3.0,"1 fitter, 1 inspector",MECH,3,
40000296,100-P-106B,PM02,2024-04-19,2024-05-06,2024-05-08,2024-05-07,CLSD,VIB CHECK LUBE SEAL INSP,"Performed vibration check and inspected lube seal on diesel product pump B (P-106B). No abnormalities detected, equipment running healthy. All parameters within normal limits.",3.9,4.9,"1 fitter, 1 inspector",MECH,4,
40000297,100-P-102B,PM02,2024-04-22,2024-05-02,2024-05-03,2024-05-03,CLSD,VIB CHECK LUBE SEAL INSP,Performed vibration check on pump P-102B. Lubrication and seal inspection completed. No abnormalities detected. Equipment operating within normal parameters.,3.2,3.6,"1 fitter, 1 inspector",MECH,3,
40000298,100-P-104B,PM02,2024-04-23,2024-05-04,2024-05-05,2024-05-04,CLSD,VIB CHECK LUBE SEAL INSP,"Performed vibration check on lube seal of atmospheric residue bottoms pump B (P-104B). Seal condition within normal parameters, no abnormalities detected. Equipment operating healthy at time of inspection.",4.6,4.4,"1 fitter, 1 inspector",MECH,4,
40000299,100-P-103A,PM02,2024-07-10,2024-08-02,2024-08-04,2024-08-04,CLSD,VIB CHECK LUBE SEAL INSP,Performed vibration check on overhead reflux pump A (P-103A). Inspected lubrication and seal condition. No abnormalities detected. Equipment operating within normal parameters.,3.9,3.7,"1 fitter, 1 inspector",MECH,4,
40000300,100-P-101A,PM02,2024-07-11,2024-07-28,2024-07-30,2024-07-30,CLSD,VIB CHECK LUBE SEAL INSP,Performed vibration check on lube seal of crude charge pump P-101A. Inspected seal condition and mounting integrity. No abnormal vibration detected. Equipment operating within normal parameters.,5.0,4.8,"1 fitter, 1 inspector",MECH,4,
40000301,100-P-105A,PM02,2024-07-12,2024-08-04,2024-08-05,2024-08-05,CLSD,VIB CHECK LUBE SEAL INSP,Performed vibration check on lube seal of Naphtha product pump A (P-105A) during naphtha rundown. No abnormal vibrations detected. Seal showed no signs of leakage or wear. Equipment operated within normal parameters throughout service.,5.0,5.0,"1 fitter, 1 inspector",MECH,3,
40000302,100-P-102A,PM02,2024-07-20,2024-08-01,2024-08-03,2024-08-04,CLSD,VIB CHECK LUBE SEAL INSP,Performed vibration check and inspected lubrication seal for leaks on Desalter water pump A (P-102A). No abnormalities found during inspection. Seal condition verified as satisfactory.,4.5,4.1,"1 fitter, 1 inspector",MECH,4,
40000303,100-P-101A,PM01,2024-08-02,2024-08-22,2024-08-25,2024-08-26,CLSD,REPL BRG DE COUPLE,"Detected high vibration levels on crude charge pump A prior to maintenance. Replaced bearing on the coupling as planned. Vibration readings dropped significantly after replacement, confirming successful repair.",9.8,9.3,"2 fitters, 1 millwright",MECH,2,
40000304,100-E-101,PM01,2024-09-04,2024-09-16,2024-09-17,2024-09-16,CLSD,CLEAN BUNDLE REPL GASKET,Cleaned bundle on both shell and tube sides due to fast fouling. Replaced gasket to ensure proper sealing. Equipment returned to service without issues.,16.7,18.1,"2 fitters, 1 inspector, 1 crane op",MECH,1,
40000305,100-P-102A,PM01,2024-09-12,2024-10-03,2024-10-05,2024-10-05,CLSD,REPL MECH SEAL,"Seal leakage observed on desalter water pump A (P-102A) prior to replacement. Seal pot level was low, indicating loss of sealing fluid. Mechanical seal was replaced successfully, restoring proper seal integrity. Pump tested and returned to service without further leaks.",6.4,7.6,2 fitters,MECH,2,
40000306,100-E-106,PM01,2024-10-25,2024-11-04,2024-11-07,2024-11-06,CLSD,CLEAN BUNDLE REPL GASKET,Cleaned bundle on both shell and tube side due to fast fouling observed. Replaced gasket to ensure proper sealing. Equipment returned to service without issues.,17.1,20.5,"2 fitters, 1 inspector, 1 crane op",MECH,1,
40000307,100-E-102,PM01,2024-12-30,2025-01-20,2025-01-23,2025-01-23,CLSD,CLEAN BUNDLE REPL GASKET,Performed cleaning of bundle on both shell and tube sides due to fast fouling. Replaced gasket to ensure proper sealing. Equipment returned to service.,13.6,10.9,"2 fitters, 1 inspector, 1 crane op",MECH,1,
40000308,100-P-101A,PM02,2025-01-09,2025-01-28,2025-01-30,2025-01-30,CLSD,VIB CHECK LUBE SEAL INSP,Performed vibration check on lube seal of crude charge pump P-101A. Inspected seal condition and lubrication system. No abnormal vibration detected. Equipment operating within normal parameters.,4.6,5.6,"1 fitter, 1 inspector",MECH,3,
40000309,100-P-105A,PM02,2025-01-11,2025-02-04,2025-02-06,2025-02-06,CLSD,VIB CHECK LUBE SEAL INSP,Performed vibration check on lube seal of Naphtha product pump A (P-105A) during naphtha rundown. No abnormal vibrations detected. Seal showed no signs of leakage or wear. Equipment operating within normal parameters.,4.2,3.4,"1 fitter, 1 inspector",MECH,3,
40000310,100-P-104B,PM02,2025-01-13,2025-02-04,2025-02-06,2025-02-05,CLSD,VIB CHECK LUBE SEAL INSP,Performed vibration check and inspected lube seal on atmospheric residue bottoms pump B (P-104B). No abnormalities detected. Equipment operating within normal parameters. Maintenance completed as scheduled.,3.9,3.7,"1 fitter, 1 inspector",MECH,4,
40000311,100-P-103A,PM02,2025-01-14,2025-02-02,2025-02-04,2025-02-04,CLSD,VIB CHECK LUBE SEAL INSP,Performed vibration check on overhead reflux pump A (P-103A). Inspected lubrication and mechanical seal condition. No abnormalities detected. Equipment operating within normal parameters.,4.6,5.2,"1 fitter, 1 inspector",MECH,4,
40000312,100-P-104A,PM02,2025-01-14,2025-02-03,2025-02-04,2025-02-05,CLSD,VIB CHECK LUBE SEAL INSP,"Performed vibration check and inspected lube seal on Atmospheric residue bottoms pump A (P-104A). No abnormalities detected, seal condition healthy. Equipment operating within normal parameters.",5.0,5.0,"1 fitter, 1 inspector",MECH,3,
40000313,100-P-101B,PM02,2025-01-15,2025-02-01,2025-02-02,2025-02-01,CLSD,VIB CHECK LUBE SEAL INSP,Performed vibration check and inspected lube seal on crude charge pump B (P-101B). No abnormalities detected. Equipment operating within normal parameters.,4.9,3.9,"1 fitter, 1 inspector",MECH,3,
40000314,100-P-105B,PM02,2025-01-16,2025-02-05,2025-02-07,2025-02-08,CLSD,VIB CHECK LUBE SEAL INSP,"Performed vibration check and lubrication seal inspection on Naphtha product pump B (P-105B) during naphtha rundown. No abnormalities detected, equipment operating within normal parameters. All inspection points verified and documented.",3.8,4.0,"1 fitter, 1 inspector",MECH,3,
40000315,100-P-103B,PM02,2025-01-18,2025-02-03,2025-02-04,2025-02-05,CLSD,VIB CHECK LUBE SEAL INSP,Performed vibration check on overhead reflux pump B (P-103B). Lubricated seal as per maintenance schedule. Inspected seal condition; found no abnormalities. Equipment operating within normal parameters.,3.8,4.5,"1 fitter, 1 inspector",MECH,3,
40000316,100-P-102B,PM02,2025-01-19,2025-02-02,2025-02-04,2025-02-03,CLSD,VIB CHECK LUBE SEAL INSP,Performed vibration check on lube seal of desalter water pump B (P-102B). No abnormalities detected. Seal condition healthy and within operational limits. Equipment returned to service without issues.,4.0,3.9,"1 fitter, 1 inspector",MECH,3,
40000317,100-P-102A,PM02,2025-01-20,2025-02-01,2025-02-02,2025-02-01,CLSD,VIB CHECK LUBE SEAL INSP,Performed vibration check and inspected lube seal on Desalter water pump A (P-102A). No abnormal vibrations detected. Seal showed minor wear but no leaks observed. Equipment operating within normal parameters.,3.3,3.6,"1 fitter, 1 inspector",MECH,4,
40000318,100-P-106B,PM02,2025-01-20,2025-02-06,2025-02-08,2025-02-07,CLSD,VIB CHECK LUBE SEAL INSP,Performed vibration check and inspected lube seal on diesel product pump B (P-106B). No abnormalities detected. Equipment operating within normal parameters. Job completed as scheduled.,4.2,3.6,"1 fitter, 1 inspector",MECH,4,
40000319,100-P-106A,PM02,2025-01-23,2025-02-05,2025-02-07,2025-02-08,CLSD,VIB CHECK LUBE SEAL INSP,"Performed vibration check on diesel product pump A (P-106A). Inspected lube seal for wear and leakage. No abnormalities found, equipment operating within normal parameters.",4.0,3.9,"1 fitter, 1 inspector",MECH,3,
40000320,100-LV-101,PM02,2025-02-17,2025-03-07,2025-03-08,2025-03-08,CLSD,CALIBRATE CONTROL VALVE,Calibrated LV-101 for overhead accumulator level control. Verified valve response and adjusted setpoints to maintain stable level. Confirmed proper operation with no leaks or faults detected.,2.4,2.8,1 instrument tech,INST,3,
40000321,100-P-103A,PM01,2025-02-18,2025-03-12,2025-03-13,2025-03-13,CLSD,REPL BRG DE COUPLE,"High vibration detected on overhead reflux pump A before intervention. Replaced bearing on decoupler as planned. Vibration readings dropped significantly after replacement, confirming successful repair. Equipment operating within normal parameters post-maintenance.",13.4,15.1,"2 fitters, 1 millwright",MECH,1,
40000322,100-LV-102,PM02,2025-02-19,2025-03-08,2025-03-09,2025-03-09,CLSD,CALIBRATE CONTROL VALVE,Calibrated column bottoms level control valve LV-102 to ensure accurate level regulation. Verified valve response and adjusted settings for optimal performance. No issues detected during calibration.,3.4,4.2,1 instrument tech,INST,3,
40000323,100-PV-102,PM02,2025-02-24,2025-03-12,2025-03-13,2025-03-12,CLSD,CALIBRATE CONTROL VALVE,Calibrated fuel gas pressure control valve PV-102 as scheduled. Verified setpoints and adjusted actuator for optimal response. Valve operated within specified parameters during testing. No leaks or faults detected.,3.1,3.8,1 instrument tech,INST,4,
40000324,100-PV-101,PM02,2025-02-26,2025-03-11,2025-03-12,2025-03-13,CLSD,CALIBRATE CONTROL VALVE,Calibrated column overhead pressure control valve PV-101 as per schedule. Verified setpoints and response times within acceptable limits. No leaks or mechanical issues detected during calibration. Equipment confirmed healthy and operational.,3.0,2.8,1 instrument tech,INST,4,
40000325,100-TV-101,PM02,2025-03-02,2025-03-15,2025-03-16,2025-03-17,CLSD,CALIBRATE CONTROL VALVE,Calibrated desalter temperature control valve TV-101 to ensure accurate temperature regulation. Verified valve response and adjusted setpoints as required. Confirmed stable operation within specified parameters.,2.5,2.2,1 instrument tech,INST,3,
40000326,100-V-101,PM02,2025-03-23,2025-04-10,2025-04-12,2025-04-13,CLSD,EXT INSP LUBE CONDITION,"Performed external inspection of lube system on Electrostatic desalter V-101. Checked for leaks, contamination, and oil level. No abnormalities found, lubrication condition satisfactory. Equipment ready for continued service.",4.2,3.6,"1 inspector, 1 fitter",INSP,4,
40000327,100-E-101,PM02,2025-03-26,2025-04-18,2025-04-19,2025-04-20,CLSD,EXT INSP LUBE CONDITION,External inspection of lube condition completed on crude preheat exchanger E-101. No abnormalities or leaks detected. Equipment operating within normal parameters.,4.8,3.9,"1 inspector, 1 fitter",INSP,3,
40000328,100-D-101,PM02,2025-03-27,2025-04-17,2025-04-19,2025-04-19,CLSD,EXT INSP LUBE CONDITION,"External inspection of overhead reflux drum D-101 completed. Lube condition verified, no abnormalities found. Equipment operating within normal parameters. No leaks or wear detected during inspection.",4.8,5.8,"1 inspector, 1 fitter",INSP,3,
40000329,100-C-101,PM02,2025-03-28,2025-04-16,2025-04-17,2025-04-16,CLSD,EXT INSP LUBE CONDITION,External inspection of lube system completed. No leaks or contamination found. Lubrication condition within normal parameters. Equipment operating normally.,4.9,5.6,"1 inspector, 1 fitter",INSP,4,
40000330,100-E-104,PM02,2025-03-29,2025-04-21,2025-04-23,2025-04-24,CLSD,EXT INSP LUBE CONDITION,Performed external inspection of lubrication system on crude/diesel pumparound preheat exchanger #4 (E-104). Observed slow fouling affecting heat transfer efficiency. Lubrication condition found within acceptable limits. No abnormalities detected during inspection.,5.0,6.1,"1 inspector, 1 fitter",INSP,3,
40000331,100-FV-102,PM02,2025-03-29,2025-04-21,2025-04-22,2025-04-23,CLSD,CALIBRATE CONTROL VALVE,Calibrated stripping steam flow control valve FV-102 as scheduled. Verified valve response and signal accuracy within specified parameters. No abnormalities detected during calibration process. Equipment confirmed healthy and operational.,2.1,2.2,1 instrument tech,INST,3,
40000332,100-E-102,PM02,2025-03-30,2025-04-19,2025-04-21,2025-04-21,CLSD,EXT INSP LUBE CONDITION,Performed external inspection of lube condition on E-102. Noted signs of fast fouling on heat exchange surfaces. Cleaned accessible areas and verified no leaks or damage. Equipment returned to service without issues.,4.6,5.1,"1 inspector, 1 fitter",INSP,3,
40000333,100-E-105,PM02,2025-04-01,2025-04-22,2025-04-24,2025-04-25,CLSD,EXT INSP LUBE CONDITION,External inspection of lube condition completed on exchanger E-105. Noted slow fouling signs on heat transfer surfaces. No immediate action required; monitoring to continue. Equipment operating within normal parameters.,6.4,7.8,"1 inspector, 1 fitter",INSP,3,
40000334,100-E-106,PM02,2025-04-01,2025-04-23,2025-04-24,2025-04-25,CLSD,EXT INSP LUBE CONDITION,Performed external inspection of lube condition on crude preheat exchanger E-106. No leaks or contamination observed. Lubrication system functioning within normal parameters. Equipment operating as expected with no abnormalities detected.,6.0,7.1,"1 inspector, 1 fitter",INSP,4,
40000335,100-FV-101,PM02,2025-04-01,2025-04-20,2025-04-22,2025-04-21,CLSD,CALIBRATE CONTROL VALVE,Calibrated crude charge flow control valve FV-101. Verified valve response and signal accuracy. Adjusted setpoints to meet operational parameters. Valve passing and functioning within specifications.,3.5,2.7,1 instrument tech,INST,4,
40000336,100-E-112,PM02,2025-04-03,2025-04-20,2025-04-21,2025-04-22,CLSD,EXT INSP LUBE CONDITION,External inspection of lube system completed on residue rundown cooler E-112. No leaks or contamination found. Lubricant condition verified as healthy. Equipment operating within normal parameters.,4.7,5.7,"1 inspector, 1 fitter",INSP,4,
40000337,100-D-104,PM02,2025-04-04,2025-04-20,2025-04-22,2025-04-21,CLSD,EXT INSP LUBE CONDITION,Performed external inspection of lube system on residue flash drum D-104. No leaks or abnormalities found. Lubrication condition within normal parameters. Equipment operating healthy at time of inspection.,5.2,5.4,"1 inspector, 1 fitter",INSP,3,
40000338,100-E-109,PM02,2025-04-04,2025-04-26,2025-04-28,2025-04-27,CLSD,EXT INSP LUBE CONDITION,"External inspection of lube condition completed on E-109. Minor fouling observed, cleaned during inspection. No leaks or abnormalities detected. Equipment operating within normal parameters.",6.6,5.1,"1 inspector, 1 fitter",INSP,3,
40000339,100-E-110,PM02,2025-04-05,2025-04-18,2025-04-19,2025-04-18,CLSD,EXT INSP LUBE CONDITION,Performed external inspection of kerosene stripper reboiler E-110. Noted moderate wall loss on lower shell section. Lubrication system checked and found in good condition. No leaks or abnormalities detected during inspection.,6.3,6.9,"1 inspector, 1 fitter",INSP,3,
40000340,100-E-111,PM02,2025-04-06,2025-04-19,2025-04-21,2025-04-20,CLSD,EXT INSP LUBE CONDITION,"Performed external inspection of lube condition on diesel product / BFW exchanger E-111. No abnormalities found, lubrication system intact and functioning properly. Equipment operating within normal parameters.",6.0,4.8,"1 inspector, 1 fitter",INSP,4,
40000341,100-FV-103,PM02,2025-04-06,2025-04-22,2025-04-23,2025-04-22,CLSD,CALIBRATE CONTROL VALVE,Calibrated FV-103 control valve on naphtha pumparound system. Verified valve response and signal accuracy within specified parameters. No leaks or mechanical issues detected during calibration. Equipment returned to service in normal operating condition.,2.9,3.5,1 instrument tech,INST,4,
40000342,100-H-101,PM02,2025-04-06,2025-04-21,2025-04-22,2025-04-23,CLSD,EXT INSP LUBE CONDITION,External inspection of lube system completed. No leaks or contamination found. Lubricant condition verified within acceptable limits. Equipment operating normally.,4.5,4.6,"1 inspector, 1 fitter",INSP,3,
40000343,100-D-102,PM02,2025-04-07,2025-04-18,2025-04-19,2025-04-18,CLSD,EXT INSP LUBE CONDITION,Performed external inspection of kerosene stripper D-102. Checked lubrication points for condition and leaks. No abnormalities found; lubrication levels within specification. Equipment operating normally.,5.6,6.7,"1 inspector, 1 fitter",INSP,4,
40000344,100-D-103,PM02,2025-04-08,2025-04-19,2025-04-21,2025-04-22,CLSD,EXT INSP LUBE CONDITION,Performed external inspection and checked lube condition on Diesel Stripper D-103. No leaks or abnormalities found. Lubrication levels within normal range. Equipment operating healthy.,4.8,5.7,"1 inspector, 1 fitter",INSP,3,
40000345,100-E-103,PM02,2025-04-08,2025-04-20,2025-04-21,2025-04-21,CLSD,EXT INSP LUBE CONDITION,Conducted external inspection of lube condition on exchanger E-103. Noted slow fouling signs on heat transfer surfaces. No leaks or mechanical damage observed. Cleaning recommended during next shutdown.,5.1,4.7,"1 inspector, 1 fitter",INSP,4,
40000346,100-E-108,PM02,2025-04-11,2025-04-25,2025-04-26,2025-04-27,CLSD,EXT INSP LUBE CONDITION,Inspected external surfaces of overhead trim condenser E-108 for lubrication condition. Found all lubrication points properly greased with no signs of leakage or contamination. No abnormalities detected during inspection. Equipment remains in healthy condition.,7.7,7.5,"1 inspector, 1 fitter",INSP,3,
40000347,100-E-107,PM02,2025-04-12,2025-04-24,2025-04-25,2025-04-26,CLSD,EXT INSP LUBE CONDITION,Performed external inspection of lubrication system on overhead naphtha condenser E-107. Noted slow fouling affecting heat transfer efficiency. Cleaned accessible components and verified lube flow. No leaks or abnormalities found.,6.8,8.0,"1 inspector, 1 fitter",INSP,4,
40000348,100-P-105A,PM01,2025-05-16,2025-06-04,2025-06-07,2025-06-08,CLSD,REPL MECH SEAL,Seal leakage was observed on Naphtha product pump A (P-105A) during naphtha rundown. Seal pot level was low prior to replacement. Mechanical seal was replaced successfully. No further leaks detected after change-out.,9.7,10.1,2 fitters,MECH,1,
40000349,100-P-102A,PM02,2025-07-15,2025-08-01,2025-08-02,2025-08-01,CLSD,VIB CHECK LUBE SEAL INSP,Performed vibration check and inspected lubrication seal on Desalter water pump A (P-102A). Noted minor seal leakage; no immediate action required. Equipment operating within normal parameters during inspection.,3.0,3.7,"1 fitter, 1 inspector",MECH,4,
40000350,100-P-101A,PM02,2025-07-18,2025-07-28,2025-07-30,2025-07-29,CLSD,VIB CHECK LUBE SEAL INSP,Performed vibration check on lube seal of crude charge pump A (P-101A). Inspected seal condition and mounting integrity. No abnormalities detected; vibration levels within acceptable range.,3.2,3.5,"1 fitter, 1 inspector",MECH,4,
40000351,100-P-103A,PM02,2025-07-21,2025-08-02,2025-08-04,2025-08-04,CLSD,VIB CHECK LUBE SEAL INSP,Performed vibration check on overhead reflux pump A (P-103A). Inspected lubrication and seal condition. No abnormalities detected. Equipment operating within normal parameters.,3.1,2.9,"1 fitter, 1 inspector",MECH,4,
40000352,100-P-105A,PM02,2025-07-22,2025-08-04,2025-08-05,2025-08-05,CLSD,VIB CHECK LUBE SEAL INSP,Performed vibration check and inspected lube seal on Naphtha product pump A (P-105A) during naphtha rundown. No abnormal vibrations detected. Seal showed minor wear but no leaks observed. Equipment operating within normal parameters.,4.7,4.9,"1 fitter, 1 inspector",MECH,4,
40000353,100-FV-101,PM01,2025-08-13,2025-09-03,2025-09-06,2025-09-07,CLSD,REPACK VALVE STOP PASSING,Valve FV-101 was repacked due to internal leakage causing passing. Packing material replaced and gland tightened. Valve tested and confirmed leak-free after maintenance.,7.3,6.5,"1 fitter, 1 instrument tech",INST,1,
40000354,100-P-104B,PM02,2025-10-11,2025-11-04,2025-11-05,2025-11-04,CLSD,VIB CHECK LUBE SEAL INSP,"Performed vibration check and inspected lube seal on atmospheric residue bottoms pump B (P-104B). No abnormalities detected, seal condition healthy. Equipment operating within normal parameters.",3.4,3.7,"1 fitter, 1 inspector",MECH,3,
40000355,100-P-104A,PM02,2025-10-14,2025-11-03,2025-11-05,2025-11-04,CLSD,VIB CHECK LUBE SEAL INSP,Performed vibration check on lube seal of atmospheric residue bottoms pump P-104A. Seal condition verified healthy with no abnormalities detected. Equipment operated within normal parameters throughout inspection. No further action required.,3.6,3.5,"1 fitter, 1 inspector",MECH,3,
40000356,100-P-103B,PM02,2025-10-18,2025-11-03,2025-11-05,2025-11-06,CLSD,VIB CHECK LUBE SEAL INSP,Performed vibration check on overhead reflux pump B (P-103B). Lubrication applied to seal as per maintenance schedule. Inspected seal condition; no abnormalities found. Equipment operating within normal parameters.,3.6,3.7,"1 fitter, 1 inspector",MECH,3,
40000357,100-P-105B,PM02,2025-10-18,2025-11-05,2025-11-07,2025-11-07,CLSD,VIB CHECK LUBE SEAL INSP,Performed vibration check and inspected lube seal on Naphtha product pump B during naphtha rundown. No abnormalities detected. Equipment operating within normal parameters.,3.4,2.8,"1 fitter, 1 inspector",MECH,3,
40000358,100-P-106B,PM02,2025-10-18,2025-11-06,2025-11-08,2025-11-07,CLSD,VIB CHECK LUBE SEAL INSP,"Performed vibration check on pump P-106B. Inspected lubrication and seal condition. No abnormalities found, equipment operating within normal parameters.",3.9,4.7,"1 fitter, 1 inspector",MECH,4,
40000359,100-P-106A,PM02,2025-10-21,2025-11-05,2025-11-06,2025-11-05,CLSD,VIB CHECK LUBE SEAL INSP,"Performed vibration check on pump P-106A. Inspected lubrication and mechanical seal condition. No abnormalities detected, equipment operating within normal parameters.",3.2,3.6,"1 fitter, 1 inspector",MECH,3,
40000360,100-P-101B,PM02,2025-10-22,2025-11-01,2025-11-02,2025-11-03,CLSD,VIB CHECK LUBE SEAL INSP,Performed vibration check on crude charge pump B. Inspected lube seal for leaks and wear. No abnormalities detected; equipment operating within normal parameters.,3.9,3.9,"1 fitter, 1 inspector",MECH,3,
40000361,100-P-102B,PM02,2025-10-22,2025-11-02,2025-11-03,2025-11-04,CLSD,VIB CHECK LUBE SEAL INSP,Performed vibration check on lube seal of desalter water pump B (P-102B). No abnormal vibrations detected. Seal inspected and found in good condition. Equipment operating within normal parameters.,4.9,5.3,"1 fitter, 1 inspector",MECH,4,
40000362,100-P-101A,PM02,2026-01-09,2026-01-28,2026-01-30,2026-01-30,CLSD,VIB CHECK LUBE SEAL INSP,"Performed vibration check on lube seal of crude charge pump P-101A. Inspected seal condition and lubrication status. No abnormal vibration detected. Seal integrity confirmed, no leaks observed.",4.5,5.2,"1 fitter, 1 inspector",MECH,4,
40000363,100-P-103A,PM02,2026-01-14,2026-02-02,2026-02-04,2026-02-03,CLSD,VIB CHECK LUBE SEAL INSP,Performed vibration check on overhead reflux pump A (P-103A). Inspected lubrication seal for wear and leaks. No abnormalities detected during inspection. Equipment operating within normal vibration limits.,4.6,3.9,"1 fitter, 1 inspector",MECH,4,
40000364,100-P-102A,PM02,2026-01-17,2026-02-01,2026-02-03,2026-02-02,CLSD,VIB CHECK LUBE SEAL INSP,Performed vibration check and inspected lube seal on Desalter water pump A (P-102A). No abnormal vibrations detected. Seal showed minor wear but no leakage. Equipment operating within normal parameters.,4.8,4.9,"1 fitter, 1 inspector",MECH,3,
40000365,100-P-105A,PM02,2026-01-19,2026-02-04,2026-02-06,2026-02-06,CLSD,VIB CHECK LUBE SEAL INSP,Performed vibration check and inspected lube seal on Naphtha product pump A (P-105A) during naphtha rundown. No abnormalities detected; seal integrity confirmed. Equipment operated within normal parameters throughout service.,4.9,6.0,"1 fitter, 1 inspector",MECH,3,
40000366,100-LV-101,PM02,2026-02-22,2026-03-07,2026-03-09,2026-03-08,CLSD,CALIBRATE CONTROL VALVE,Calibrated LV-101 control valve for overhead accumulator level. Verified signal response and adjusted setpoints to maintain stable level control. Valve operated within normal parameters after calibration. No abnormalities detected.,3.8,4.7,1 instrument tech,INST,3,
40000367,100-LV-102,PM02,2026-02-25,2026-03-08,2026-03-10,2026-03-10,CLSD,CALIBRATE CONTROL VALVE,Calibrated column bottoms level control valve LV-102 to ensure accurate level regulation. Verified valve response and adjusted setpoints as required. Equipment operating within normal parameters.,2.1,2.1,1 instrument tech,INST,4,
40000368,100-PV-102,PM02,2026-02-26,2026-03-12,2026-03-13,2026-03-13,CLSD,CALIBRATE CONTROL VALVE,Calibrated fuel gas pressure control valve PV-102 as scheduled. Verified setpoints and adjusted actuator response for optimal performance. Valve operated within specified parameters during final testing. No abnormalities detected.,2.4,2.6,1 instrument tech,INST,3,
40000369,100-PV-101,PM02,2026-02-28,2026-03-11,2026-03-13,2026-03-14,CLSD,CALIBRATE CONTROL VALVE,Calibrated column overhead pressure control valve PV-101 as per schedule. Verified setpoints and response times within acceptable limits. No abnormalities detected during calibration. Valve functioning healthy and stable.,2.0,2.1,1 instrument tech,INST,4,
40000370,100-TV-101,PM02,2026-03-01,2026-03-15,2026-03-17,2026-03-17,CLSD,CALIBRATE CONTROL VALVE,Calibrated desalter temperature control valve TV-101 to ensure accurate temperature regulation. Verified valve response and adjusted setpoints as required. Valve operated within specified parameters after calibration.,2.8,2.6,1 instrument tech,INST,3,
40000371,100-V-101,PM02,2026-03-19,2026-04-10,2026-04-11,2026-04-11,CLSD,EXT INSP LUBE CONDITION,"Performed external inspection of lube system on Electrostatic desalter V-101. Checked for leaks, contamination, and proper oil level. No abnormalities found; lubrication condition within normal parameters.",7.0,6.6,"1 inspector, 1 fitter",INSP,3,
40000372,100-C-101,PM02,2026-03-23,2026-04-16,2026-04-17,2026-04-18,CLSD,EXT INSP LUBE CONDITION,External inspection of lubrication system completed. No leaks or contamination found. Bearings and seals showed normal wear. Lubricant levels and condition within acceptable limits.,5.3,5.0,"1 inspector, 1 fitter",INSP,3,
40000373,100-E-110,PM02,2026-03-25,2026-04-18,2026-04-19,2026-04-19,CLSD,EXT INSP LUBE CONDITION,"External inspection of kerosene stripper reboiler completed. Lube condition checked; no abnormalities found. Wall thickness measured, minor loss within acceptable limits. No leaks or damage detected.",5.6,5.5,"1 inspector, 1 fitter",INSP,3,
40000374,100-D-101,PM02,2026-03-26,2026-04-17,2026-04-19,2026-04-18,CLSD,EXT INSP LUBE CONDITION,External inspection of overhead reflux drum D-101 completed. Lube condition checked and found within acceptable parameters. No abnormalities detected during inspection. Equipment confirmed healthy and operational.,7.5,6.8,"1 inspector, 1 fitter",INSP,4,
40000375,100-D-102,PM02,2026-03-28,2026-04-18,2026-04-20,2026-04-21,CLSD,EXT INSP LUBE CONDITION,Performed external inspection of kerosene stripper D-102 focusing on lubrication condition. Found all lubrication points clean and adequately greased. No leaks or contamination detected. Equipment operating within normal parameters.,7.5,6.8,"1 inspector, 1 fitter",INSP,4,
40000376,100-E-111,PM02,2026-03-28,2026-04-19,2026-04-20,2026-04-19,CLSD,EXT INSP LUBE CONDITION,"External inspection of lube condition completed on Diesel product / BFW exchanger (E-111). No abnormalities detected, lubrication system operating within normal parameters. Equipment confirmed healthy and fully functional.",5.3,4.4,"1 inspector, 1 fitter",INSP,3,
40000377,100-P-101A,PM01,2026-03-29,2026-04-09,2026-04-10,2026-04-09,CLSD,REPL BRG DE COUPLE,"High vibration detected on crude charge pump A before bearing replacement. Replaced bearing on coupling as planned. Vibration readings dropped significantly after the job, confirming successful repair. Equipment operating within normal parameters post-maintenance.",12.2,12.8,"2 fitters, 1 millwright",MECH,1,
40000378,100-FV-102,PM02,2026-03-30,2026-04-21,2026-04-23,2026-04-23,CLSD,CALIBRATE CONTROL VALVE,Calibrated stripping steam flow control valve FV-102 to ensure accurate response and stable operation. Verified signal accuracy and adjusted actuator as needed. Valve function confirmed within specified parameters.,2.9,2.8,1 instrument tech,INST,3,
40000379,100-FV-103,PM02,2026-03-30,2026-04-22,2026-04-24,2026-04-23,CLSD,CALIBRATE CONTROL VALVE,Calibrated FV-103 control valve on naphtha pumparound line. Verified actuator response and signal accuracy. Valve operated within specified parameters after adjustment. No leaks or mechanical issues detected.,3.0,2.9,1 instrument tech,INST,3,
40000380,100-D-104,PM02,2026-04-02,2026-04-20,2026-04-21,2026-04-21,CLSD,EXT INSP LUBE CONDITION,External inspection of residue flash drum lube system completed. No leaks or abnormalities found. Lubrication condition verified as healthy. Equipment operating within normal parameters.,6.5,5.3,"1 inspector, 1 fitter",INSP,4,
40000381,100-D-103,PM02,2026-04-04,2026-04-19,2026-04-20,2026-04-19,CLSD,EXT INSP LUBE CONDITION,"Performed external inspection and lubrication of Diesel Stripper D-103. No abnormalities found, lubrication points serviced as per schedule. Equipment operating within normal parameters.",7.9,9.5,"1 inspector, 1 fitter",INSP,4,
40000382,100-E-102,PM02,2026-04-04,2026-04-19,2026-04-21,2026-04-21,CLSD,EXT INSP LUBE CONDITION,Performed external inspection of lube condition on crude preheat exchanger E-102. Noted signs of fast fouling impacting heat transfer efficiency. Cleaned and verified lubrication system integrity. Equipment returned to service without leaks or abnormalities.,5.4,4.3,"1 inspector, 1 fitter",INSP,3,
40000383,100-E-103,PM02,2026-04-04,2026-04-20,2026-04-21,2026-04-22,CLSD,EXT INSP LUBE CONDITION,External inspection performed on lube condition of crude/kerosene pumparound preheat exchanger #3. No abnormalities detected. Lubrication system clean and functioning within normal parameters. No leaks or contamination observed.,7.6,6.2,"1 inspector, 1 fitter",INSP,4,
40000384,100-E-101,PM02,2026-04-05,2026-04-18,2026-04-20,2026-04-20,CLSD,EXT INSP LUBE CONDITION,Performed external inspection of lubrication system on E-101 crude preheat exchanger. Found no leaks or contamination. Lubricant condition within normal parameters. Equipment operating as expected with no abnormalities noted.,7.3,8.0,"1 inspector, 1 fitter",INSP,3,
40000385,100-E-105,PM02,2026-04-05,2026-04-22,2026-04-24,2026-04-23,CLSD,EXT INSP LUBE CONDITION,External inspection of lube condition completed on crude/AGO preheat exchanger #5. No abnormalities detected. Equipment operating within normal parameters. No further action required.,4.4,5.1,"1 inspector, 1 fitter",INSP,4,
40000386,100-E-107,PM02,2026-04-05,2026-04-24,2026-04-26,2026-04-27,CLSD,EXT INSP LUBE CONDITION,Performed external inspection of lube condition on overhead naphtha condenser E-107. Noted slow fouling on condenser surfaces. Cleaned accessible areas and verified no leaks or damage. Equipment returned to service.,4.3,5.2,"1 inspector, 1 fitter",INSP,3,
40000387,100-E-108,PM02,2026-04-05,2026-04-25,2026-04-27,2026-04-28,CLSD,EXT INSP LUBE CONDITION,"Performed external inspection of lubrication system on overhead trim condenser E-108. Verified oil levels and checked for leaks. No abnormalities detected, lubrication condition healthy. Equipment operating within normal parameters.",7.1,7.0,"1 inspector, 1 fitter",INSP,3,
40000388,100-E-112,PM02,2026-04-07,2026-04-20,2026-04-21,2026-04-21,CLSD,EXT INSP LUBE CONDITION,Performed external inspection of lube system on residue rundown cooler E-112. No leaks or abnormalities found. Lubrication condition verified as healthy and within operational parameters. Equipment ready for continued service.,6.3,6.3,"1 inspector, 1 fitter",INSP,3,
40000389,100-FV-101,PM02,2026-04-08,2026-04-20,2026-04-22,2026-04-21,CLSD,CALIBRATE CONTROL VALVE,Calibrated FV-101 control valve on crude charge line. Verified valve response and adjusted setpoints to specifications. Confirmed proper operation with no leaks or anomalies.,3.3,3.0,1 instrument tech,INST,4,
40000390,100-E-104,PM02,2026-04-10,2026-04-21,2026-04-23,2026-04-22,CLSD,EXT INSP LUBE CONDITION,External inspection performed on lube condition of crude/diesel pumparound preheat exchanger #4 (E-104). No abnormalities detected. Lubrication levels and quality within acceptable limits. Equipment operating normally.,4.7,4.9,"1 inspector, 1 fitter",INSP,4,
40000391,100-H-101,PM02,2026-04-10,2026-04-21,2026-04-22,2026-04-23,CLSD,EXT INSP LUBE CONDITION,Performed external inspection of crude fired heater H-101. Checked lube oil condition; no contamination or leaks found. Equipment operated within normal parameters during inspection. No abnormalities detected.,7.0,8.1,"1 inspector, 1 fitter",INSP,3,
40000392,100-E-106,PM02,2026-04-13,2026-04-23,2026-04-25,2026-04-24,CLSD,EXT INSP LUBE CONDITION,External inspection of lube condition completed on crude preheat exchanger #6 cold end. No abnormalities detected. Equipment operating within normal parameters.,5.0,5.2,"1 inspector, 1 fitter",INSP,3,
40000393,100-E-109,PM02,2026-04-16,2026-04-26,2026-04-28,2026-04-29,CLSD,EXT INSP LUBE CONDITION,"External inspection of lube condition completed on Naphtha/crude exchanger E-109. Minor deposits observed, no immediate action required. Equipment operating within normal parameters. Monitoring to continue during next scheduled maintenance.",5.0,5.9,"1 inspector, 1 fitter",INSP,3,
40000394,100-P-102A,PM01,2026-05-08,2026-05-20,2026-05-22,2026-05-23,CLSD,REPL MECH SEAL,Seal leakage observed on Desalter water pump A (P-102A) with seal pot level dropping below acceptable limits. Mechanical seal was replaced to restore proper sealing. Post-replacement checks confirmed no further leakage.,9.8,8.2,2 fitters,MECH,1,
40000395,100-P-101B,PM02,2026-06-20,2026-07-14,2026-07-16,,REL,VIB CHECK LUBE SEAL INSP,Perform vibration check on pump P-101B to assess operational stability. Inspect lube seal for signs of wear or leakage. Document findings and plan corrective actions if abnormalities are detected.,3.6,,"1 fitter, 1 inspector",MECH,3,
40000396,100-FV-101,PM01,2026-07-01,2026-07-21,2026-07-23,,OPEN,REPACK VALVE STOP PASSING,"Valve FV-101 is currently passing and requires repacking to restore proper sealing. Plan to dismantle valve bonnet, remove old packing, and install new packing material. Will test valve operation after repacking to confirm leak elimination.",12.0,,"1 fitter, 1 instrument tech",INST,1,
40000397,100-P-106A,PM02,2026-07-05,2026-07-23,2026-07-24,,OPEN,VIB CHECK LUBE SEAL INSP,Performed vibration check and inspected lube seal for leaks and wear. Monitoring pump condition to ensure proper operation during diesel rundown. Further lubrication adjustments planned based on inspection results.,3.4,,"1 fitter, 1 inspector",MECH,4,
40000398,100-P-105A,PM02,2026-07-14,2026-08-04,2026-08-05,2026-08-04,CLSD,VIB CHECK LUBE SEAL INSP,"Performed vibration check and inspected lube seal on Naphtha product pump A (P-105A) during naphtha rundown. No abnormalities detected, seal integrity confirmed. Equipment operated within normal parameters throughout service.",4.1,4.0,"1 fitter, 1 inspector",MECH,3,
40000399,100-P-101A,PM02,2026-07-15,2026-07-28,2026-07-29,2026-07-30,CLSD,VIB CHECK LUBE SEAL INSP,Performed vibration check on lube seal of crude charge pump P-101A. No abnormal vibration detected. Seal inspected and found in good condition. Equipment operating within normal parameters.,3.0,3.0,"1 fitter, 1 inspector",MECH,4,
40000400,100-P-103A,PM02,2026-07-17,2026-08-02,2026-08-04,2026-08-03,CLSD,VIB CHECK LUBE SEAL INSP,Performed vibration check on overhead reflux pump P-103A. Inspected lubrication and seal condition. No abnormalities detected. Equipment operating within normal parameters.,5.0,4.5,"1 fitter, 1 inspector",MECH,3,
40000401,100-E-111,PM02,2026-07-18,2026-08-01,2026-08-02,,REL,EXT INSP LUBE CONDITION,"External inspection of lube oil system planned for diesel product / BFW exchanger E-111. Checking oil levels, condition, and potential leaks. Scheduled to verify pump operation and lubrication points. Further action based on inspection findings.",6.1,,"1 inspector, 1 fitter",INSP,3,
40000402,100-P-102A,PM02,2026-07-18,2026-08-01,2026-08-02,2026-08-02,CLSD,VIB CHECK LUBE SEAL INSP,Performed vibration check on lube seal of desalter water pump A (P-102A). Inspected seal for leaks and wear. No abnormalities detected during inspection. Equipment operating within normal parameters.,3.6,3.9,"1 fitter, 1 inspector",MECH,4,
40000403,100-P-103B,PM02,2026-07-18,2026-08-03,2026-08-04,2026-08-05,CLSD,VIB CHECK LUBE SEAL INSP,"Performed vibration check on overhead reflux pump B. Lubricated seal as per maintenance schedule. Inspected seal condition, found no abnormalities. Equipment operating within normal parameters.",3.5,4.2,"1 fitter, 1 inspector",MECH,3,
40000404,100-P-105B,PM02,2026-07-21,2026-08-05,2026-08-07,2026-08-08,CLSD,VIB CHECK LUBE SEAL INSP,"Performed vibration check and inspected lube seal on Naphtha product pump B during naphtha rundown. No abnormalities detected, equipment operating within normal parameters. Seal condition verified healthy, no leaks observed.",3.8,4.4,"1 fitter, 1 inspector",MECH,4,
40000405,100-P-101B,PM02,2026-07-22,2026-08-01,2026-08-03,2026-08-03,CLSD,VIB CHECK LUBE SEAL INSP,"Performed vibration check on crude charge pump B. Inspected lube seal for leaks and wear. No abnormalities found, equipment operating within normal parameters.",3.1,3.4,"1 fitter, 1 inspector",MECH,3,
40000406,100-P-102B,PM02,2026-07-22,2026-08-02,2026-08-03,2026-08-02,CLSD,VIB CHECK LUBE SEAL INSP,Performed vibration check and inspected lubrication seal on Desalter water pump B (P-102B). No abnormalities detected. Equipment operating within normal parameters.,4.5,5.3,"1 fitter, 1 inspector",MECH,4,
40000407,100-P-104B,PM02,2026-07-22,2026-08-04,2026-08-06,2026-08-06,CLSD,VIB CHECK LUBE SEAL INSP,Performed vibration check and inspected lubrication seal on atmospheric residue bottoms pump B (P-104B). No abnormalities detected. Equipment operating within normal parameters. Maintenance completed as scheduled.,4.1,4.8,"1 fitter, 1 inspector",MECH,3,
40000408,100-P-104A,PM02,2026-07-24,2026-08-03,2026-08-05,2026-08-05,CLSD,VIB CHECK LUBE SEAL INSP,"Performed vibration check on lube seal of atmospheric residue bottoms pump A (P-104A). Seal showed normal vibration levels, no abnormalities detected. Equipment operated within standard parameters throughout inspection. No further action required.",4.6,5.4,"1 fitter, 1 inspector",MECH,4,
40000409,100-P-106A,PM02,2026-07-24,2026-08-05,2026-08-07,2026-08-08,CLSD,VIB CHECK LUBE SEAL INSP,Performed vibration check and inspected lube seal on Diesel product pump A (P-106A). No abnormalities detected. Equipment operating within normal parameters.,3.1,2.6,"1 fitter, 1 inspector",MECH,3,
40000410,100-LV-101,PM02,2026-07-27,2026-08-10,2026-08-12,,OPEN,CALIBRATE CONTROL VALVE,Planned calibration of LV-101 to ensure accurate level control in overhead accumulator. Verify valve response and adjust setpoints as required. Monitor system feedback during calibration process.,3.0,,1 instrument tech,INST,4,
40000411,100-P-106B,PM02,2026-07-27,2026-08-06,2026-08-08,2026-08-08,CLSD,VIB CHECK LUBE SEAL INSP,"Performed vibration check and inspected lube seal on diesel product pump B (P-106B). No abnormalities detected, equipment operating within normal parameters. Maintenance completed as scheduled.",4.6,4.4,"1 fitter, 1 inspector",MECH,4,
